"Tijdstempel","Wat is jouw leeftijdscategorie?","Maak een schatting van hoeveel keer je op een gemiddelde dag een ontsmettingszuil passeert? Typ enkel het cijfer.","Hoeveel procent van de keren dat je een ontsmettingszuil passeerde, heb je deze ook effectief gebruikt gedurende de afgelopen twee weken? Een ruwe schatting volstaat.","Hoe belangrijk is het volgens jou om grondig en langdurig de handen over elkaar te bewegen wanneer je alcoholgel gebruikt?","In welke mate denk je dat de handen ontsmetten belangrijk is om de verspreiding van het virus tegen te gaan?","Ik ergerde me ooit aan een ontsmettingszuil omdat ... (je mag deze vraag open laten als je je nooit eerder ergerde aan een ontsmettingszuil)","Een ontsmettingszuil geeft volgens jou een onhygi√´nische indruk als ...","Welke manier van ontsmetting verkies je?","Hoe lang moet je de handen over elkaar bewegen, denk jij, om 80 tot 100 % van de microben en virussen te doden?","Welke pictogrammen geven volgens jou het duidelijkst de volgende boodschap weer: ""Plaats de handen zodat ze bevochtigd worden"". Duid minimum √©√©n en maximum drie pictogrammen aan.","Welke pictogrammen geven volgens jou het duidelijkst de volgende boodschap weer: ""Gebruik de voetpomp"". Duid minimum √©√©n en maximum drie pictogrammen aan.","Welke pictogrammen geven volgens jou het duidelijkst de volgende boodschap weer: ""Beweeg de handen over elkaar"". Duid minimum √©√©n en maximum twee pictogrammen aan.","Tot slot. Denk je dat de handen ontsmetten ook na deze epidemie op veel plaatsen verplicht of aanbevolen zal blijven? Bv. in cinemazalen, de bank, auditoria, de bakker enzovoort."
"2021/03/11 3:34:53 p.m. CET","19 - 24 jaar","5","0 - 20 %","2","2","de gel plakkerig was","/","Alcohol vernevelen","5 - 10 seconden","Optie 2","Optie 2","Optie 5","Ja"
"2021/03/11 3:35:43 p.m. CET","19 - 24 jaar","5","60 - 80 %","3","5","","","Alcoholgel dosering","5 - 10 seconden","Optie 6","Optie 1","Optie 3","Ja"
"2021/03/11 3:35:51 p.m. CET","19 - 24 jaar","0,5","80 - 100 %","3","5","","","Alcohol vernevelen","1 - 5 seconden","Optie 1","Optie 1","Optie 5","Nee"
"2021/03/11 3:36:16 p.m. CET","19 - 24 jaar","3","80 - 100 %","4","3","De ontsmetting plakt, stinkt, je een spuitbus moet vastnemen ","de ontsmetting stinkt of eruit drupt ","Alcoholgel dosering","10 - 15 seconden","Optie 5","Optie 1","Optie 3;Optie 4","Ja"
"2021/03/11 3:36:26 p.m. CET","19 - 24 jaar","5","40 - 60 %","5","5","Er veel te veel gel uitkwam","Er een knop/pomp moet aangeraakt worden met de handen","Alcohol vernevelen","10 - 15 seconden","Optie 1;Optie 5;Optie 6","Optie 1","Optie 3;Optie 4","Ja"
"2021/03/11 3:37:07 p.m. CET","13 - 18 jaar","2","40 - 60 %","3","4","","","Alcohol vernevelen","10 - 15 seconden","Optie 5","Optie 1","Optie 1","Ja"
"2021/03/11 3:37:20 p.m. CET","13 - 18 jaar","5","80 - 100 %","5","5","","","Alcohol vernevelen","5 - 10 seconden","Optie 1;Optie 4;Optie 6","Optie 1;Optie 2;Optie 4","Optie 2;Optie 5","Ja"
"2021/03/11 3:37:23 p.m. CET","13 - 18 jaar","1","80 - 100 %","4","5","","","Alcoholgel dosering","5 - 10 seconden","Optie 5","Optie 1","Optie 3","Ja"
"2021/03/11 3:37:24 p.m. CET","13 - 18 jaar","5","60 - 80 %","4","5","Te veel","Klonters ","Alcohol vernevelen","5 - 10 seconden","Optie 5","Optie 1","Optie 3","Ja"
"2021/03/11 3:37:46 p.m. CET","19 - 24 jaar","2","60 - 80 %","3","4","die leeg was","die leeg is","Alcohol vernevelen","5 - 10 seconden","Optie 1;Optie 6","Optie 1;Optie 4","Optie 1;Optie 3","Nee"
"2021/03/11 3:38:04 p.m. CET","13 - 18 jaar","3","60 - 80 %","3","5","","","Alcohol vernevelen","5 - 10 seconden","Optie 1;Optie 5","Optie 1","Optie 2;Optie 5","Ja"
"2021/03/11 3:38:13 p.m. CET","19 - 24 jaar","3","80 - 100 %","4","4","","Er geen automatische handgelverspreider is","Alcohol vernevelen","15 - 20 seconden","Optie 1","Optie 1","Optie 4","Ja"
"2021/03/11 3:38:36 p.m. CET","13 - 18 jaar","1","40 - 60 %","5","4","","Pomp","Alcohol vernevelen","Langer dan 20 seconden","Optie 1;Optie 5","Optie 1","Optie 1","Nee"
"2021/03/11 3:38:39 p.m. CET","19 - 24 jaar","8","80 - 100 %","4","4","Er niets uit kwam :( en het niet zo lekker rook","Verkleurd, veel ontsmettingsmiddel er naast, papiertjes die er naast liggen ...","Alcohol vernevelen","5 - 10 seconden","Optie 1;Optie 6","Optie 1","Optie 5","Ja"
"2021/03/11 3:38:56 p.m. CET","19 - 24 jaar","3","80 - 100 %","4","3","","","Alcoholgel dosering","15 - 20 seconden","Optie 7","Optie 1;Optie 2","Optie 1","Nee"
"2021/03/11 3:39:47 p.m. CET","19 - 24 jaar","5","80 - 100 %","3","4","De handgel niet opdroogde of de zuil heel onstabiel was ","De ontsmetting overal uitgesmeerd is en er een natte zakdoek onderligt om het overtollige ontsmettingsgel op te vangen ","Alcohol vernevelen","Langer dan 20 seconden","Optie 1;Optie 4;Optie 7","Optie 1;Optie 4;Optie 7","Optie 3;Optie 4","Ja"
"2021/03/11 3:39:47 p.m. CET","13 - 18 jaar","5","80 - 100 %","4","4","","","Alcoholgel dosering","15 - 20 seconden","Optie 5","Optie 1","Optie 3","Ja"
"2021/03/11 3:39:51 p.m. CET","19 - 24 jaar","6","40 - 60 %","4","4","De sensor vaak niet werkt als ik mn hand eronder zwaai en als de alcoholgel plakt","Het er niet proper uitziet","Alcohol vernevelen","5 - 10 seconden","Optie 1","Optie 1","Optie 5","Ja"
"2021/03/11 3:40:03 p.m. CET","13 - 18 jaar","12","60 - 80 %","5","5","De tap vies was.","Er de tap nat is.","Alcohol vernevelen","5 - 10 seconden","Optie 1","Optie 1","Optie 2","Ja"
"2021/03/11 3:40:11 p.m. CET","13 - 18 jaar","5","60 - 80 %","4","5","","Hij vuil is","Alcohol vernevelen","15 - 20 seconden","Optie 1;Optie 5","Optie 1","Optie 1;Optie 4","Ja"
"2021/03/11 3:41:14 p.m. CET","19 - 24 jaar","8","80 - 100 %","3","3","","Er aangekoekt ontsmettingsmiddel op de staander ligt","Alcohol vernevelen","5 - 10 seconden","Optie 5","Optie 4","Optie 5","Nee"
"2021/03/11 3:41:45 p.m. CET","19 - 24 jaar","4","0 - 20 %","4","4","","","Alcoholgel dosering","10 - 15 seconden","Optie 1;Optie 5;Optie 7","Optie 1","Optie 1;Optie 3","Ja"
"2021/03/11 3:41:56 p.m. CET","13 - 18 jaar","4","80 - 100 %","4","5","","Hij vuil is","Alcohol vernevelen","10 - 15 seconden","Optie 1;Optie 5;Optie 6","Optie 1;Optie 2;Optie 4","Optie 1;Optie 2;Optie 5","Ja"
"2021/03/11 3:42:19 p.m. CET","19 - 24 jaar","4","60 - 80 %","4","4","Sommige hebben een niet zo praktisch systeem","","Alcoholgel dosering","10 - 15 seconden","Optie 5;Optie 6","Optie 1;Optie 7","Optie 1;Optie 3;Optie 4","Ja"
"2021/03/11 3:42:21 p.m. CET","19 - 24 jaar","1","80 - 100 %","4","2","de ontsmettingszuil niet werkte, moeilijk in gebruik was, de alcoholgel slecht was, foute dosering","","Alcohol vernevelen","10 - 15 seconden","Optie 1;Optie 2;Optie 7","Optie 1;Optie 2;Optie 4","Optie 2;Optie 3;Optie 5","Nee"
"2021/03/11 3:42:38 p.m. CET","19 - 24 jaar","2","60 - 80 %","4","3","","","Alcohol vernevelen","10 - 15 seconden","Optie 1","Optie 1","Optie 4","Nee"
"2021/03/11 3:42:47 p.m. CET","13 - 18 jaar","4","80 - 100 %","5","5","","","Alcohol vernevelen","10 - 15 seconden","Optie 2;Optie 5;Optie 6","Optie 1;Optie 2","Optie 1;Optie 3;Optie 4","Ja"
"2021/03/11 3:42:48 p.m. CET","13 - 18 jaar","6 ","80 - 100 %","5","5","Vaak komt er heel veel product uit en stinkt die ook. ","","Alcohol vernevelen","10 - 15 seconden","Optie 5","Optie 1","Optie 5","Ja"
"2021/03/11 3:42:53 p.m. CET","19 - 24 jaar","10","80 - 100 %","4","4","omdat ik op de hendel probeerde duwen met mijn arm/hand maar ik slaagde er niet in om er ontsmettingsalcohol uit te krijgen (het was zichtbaar dat er nog in zat dus deze was niet leeg)","/","Alcohol vernevelen","15 - 20 seconden","Optie 1","Optie 1;Optie 2;Optie 4","Optie 1;Optie 3;Optie 4","Ja"
"2021/03/11 3:43:02 p.m. CET","19 - 24 jaar","5","40 - 60 %","4","3","het stinkt xD, zorgt voor irritatie op langer termijn.","nooit over nagedacht","Alcoholgel dosering","10 - 15 seconden","Optie 5","Optie 1;Optie 4","Optie 3","Nee"
"2021/03/11 3:43:28 p.m. CET","19 - 24 jaar","4","40 - 60 %","4","3","Het in elke winkel staat en ik wil niet elke keer mijn handen ontsmetten","Er gel op de grond/naast de zuil ligt/aangekoekt is ","Alcohol vernevelen","15 - 20 seconden","Optie 1;Optie 7","Optie 1","Optie 3;Optie 4","Nee"
"2021/03/11 3:43:50 p.m. CET","13 - 18 jaar","5","80 - 100 %","3","4","Ze stinken, plakken, te dikke gel die niet goed verdampt","","Alcohol vernevelen","15 - 20 seconden","Optie 1;Optie 5;Optie 6","Optie 1;Optie 4","Optie 2;Optie 3","Ja"
"2021/03/11 3:44:04 p.m. CET","13 - 18 jaar","2","80 - 100 %","4","5","Deze 90% van de gevallen mijn handen niet waarnemen in de sensor en ik dan sta te sukkelen x Dario ","Deze er onverzorgd uitziet x Dario","Alcoholgel dosering","10 - 15 seconden","Optie 4;Optie 5;Optie 7","Optie 1","Optie 3;Optie 4","Ja"
"2021/03/11 3:44:10 p.m. CET","13 - 18 jaar","3","60 - 80 %","3","4","De ontsmettingsgel stinkt","De fles nat of vuil is","Alcohol vernevelen","10 - 15 seconden","Optie 3;Optie 4","Optie 1","Optie 3;Optie 4","Ja"
"2021/03/11 3:44:16 p.m. CET","19 - 24 jaar","1","40 - 60 %","4","3","hij niet werkt, te veel sproeit, drupt","iedereen hetzelfde pompje moet gebruiken (zoals een zeeppompje), er ontsmettingsgel rond en naast hangt","Alcohol vernevelen","10 - 15 seconden","Optie 1;Optie 7","Optie 1","Optie 2","Ja"
"2021/03/11 3:44:36 p.m. CET","13 - 18 jaar","2","80 - 100 %","5","4","Met de handen duwen ","Je met de handen moet duwen op de knop","Alcohol vernevelen","5 - 10 seconden","Optie 1","Optie 1","Optie 3","Ja"
"2021/03/11 3:44:45 p.m. CET","19 - 24 jaar","2","60 - 80 %","3","4","Het ontsmettings middel plakkerig is of eerder lijkt op zeep ","","Alcohol vernevelen","5 - 10 seconden","Optie 1;Optie 2;Optie 5","Optie 1;Optie 4;Optie 7","Optie 1;Optie 2","Nee"
"2021/03/11 3:44:55 p.m. CET","19 - 24 jaar","6","80 - 100 %","3","5","","Als je veel moeite moet doen om de ontsmettingszuil aan te raken of langdurig moet aanraken voor er wat ontsmetting uit komt","Alcohol vernevelen","5 - 10 seconden","Optie 1;Optie 2","Optie 1","Optie 3;Optie 4","Ja"
"2021/03/11 3:45:00 p.m. CET","13 - 18 jaar","2","80 - 100 %","4","5","","","Alcohol vernevelen","10 - 15 seconden","Optie 1","Optie 1;Optie 2;Optie 4","Optie 1;Optie 2;Optie 3;Optie 4;Optie 5","Nee"
"2021/03/11 3:45:08 p.m. CET","13 - 18 jaar","1","60 - 80 %","3","2","","","Alcohol vernevelen","Langer dan 20 seconden","Optie 1;Optie 5","Optie 1","Optie 2;Optie 5","Ja"
"2021/03/11 3:45:32 p.m. CET","31 - 36 jaar","25","40 - 60 %","3","4","","Je hem moet aanraken ","Alcohol vernevelen","15 - 20 seconden","Optie 5","Optie 1","Optie 5","Nee"
"2021/03/11 3:45:39 p.m. CET","13 - 18 jaar","1","80 - 100 %","4","5","Het ofwel te weinig of te veel spoot.","Er overal alcoholgel uitloopt. ","Alcoholgel dosering","15 - 20 seconden","Optie 1","Optie 1","Optie 1;Optie 3;Optie 4","Ja"
"2021/03/11 3:45:46 p.m. CET","13 - 18 jaar","1","0 - 20 %","4","4","","","Alcohol vernevelen","5 - 10 seconden","Optie 1","Optie 1","Optie 3;Optie 4","Ja"
"2021/03/11 3:46:15 p.m. CET","13 - 18 jaar","3","80 - 100 %","4","4","","","Alcoholgel dosering","Langer dan 20 seconden","Optie 1;Optie 5;Optie 6","Optie 1;Optie 7","Optie 3;Optie 4","Nee"
"2021/03/11 3:46:18 p.m. CET","19 - 24 jaar","3","60 - 80 %","4","5","","","Alcoholgel dosering","10 - 15 seconden","Optie 1;Optie 3;Optie 5","Optie 1;Optie 2;Optie 4","Optie 2;Optie 3;Optie 4","Ja"
"2021/03/11 3:47:05 p.m. CET","13 - 18 jaar","4","60 - 80 %","4","5","Het reageerde nooit als als ik mijn hand eronder zwaaide ","De zuil zelf niet proper is ","Alcoholgel dosering","15 - 20 seconden","Optie 1","Optie 1;Optie 2","Optie 3;Optie 5","Ja"
"2021/03/11 3:47:18 p.m. CET","13 - 18 jaar","3","80 - 100 %","4","4","De sensor niet werkte","Er klodders gel aan de zijkant hangen","Alcoholgel dosering","5 - 10 seconden","Optie 1","Optie 1;Optie 4","Optie 1;Optie 3;Optie 4","Nee"
"2021/03/11 3:47:40 p.m. CET","13 - 18 jaar","10","20 - 40 %","4","4","","","Alcoholgel dosering","Langer dan 20 seconden","Optie 1","Optie 1","Optie 3","Ja"
"2021/03/11 3:47:54 p.m. CET","13 - 18 jaar","1","80 - 100 %","4","4","Sommige handgels plakken en stinken","Je zelf met pompen met je handen","Alcohol vernevelen","15 - 20 seconden","Optie 1;Optie 3;Optie 5","Optie 1","Optie 3;Optie 4","Ja"
"2021/03/11 3:50:33 p.m. CET","19 - 24 jaar","2","80 - 100 %","3","3","","","Alcoholgel dosering","15 - 20 seconden","Optie 3;Optie 4;Optie 6","Optie 1;Optie 2","Optie 3;Optie 5","Ja"
"2021/03/11 3:50:34 p.m. CET","13 - 18 jaar","4","60 - 80 %","3","3","","Er enkele lege flessen staan","Alcoholgel dosering","15 - 20 seconden","Optie 7","Optie 1;Optie 4","Optie 4","Nee"
"2021/03/11 3:50:37 p.m. CET","19 - 24 jaar","3","80 - 100 %","3","4","","Het een flesje is waar iedereen op kan pompen ","Alcohol vernevelen","Langer dan 20 seconden","Optie 5","Optie 1","Optie 4","Ja"
"2021/03/11 3:52:02 p.m. CET","13 - 18 jaar","1","60 - 80 %","4","5","","","Alcohol vernevelen","10 - 15 seconden","Optie 3;Optie 5","Optie 1","Optie 5","Ja"
"2021/03/11 3:52:07 p.m. CET","13 - 18 jaar","2 keer","40 - 60 %","5","3","Er teveel gel uitkwam","Je er met de hand moet opdrukken","Alcohol vernevelen","1 - 5 seconden","Optie 1;Optie 7","Optie 1;Optie 4","Optie 3;Optie 4","Ja"
"2021/03/11 3:52:24 p.m. CET","13 - 18 jaar","10","60 - 80 %","4","5","","Het met een drukknop is","Alcohol vernevelen","5 - 10 seconden","Optie 5","Optie 4","Optie 3","Ja"
"2021/03/11 3:52:42 p.m. CET","13 - 18 jaar","2","20 - 40 %","3","4","","","Alcohol vernevelen","10 - 15 seconden","Optie 1;Optie 5;Optie 6","Optie 1;Optie 4;Optie 7","Optie 1;Optie 4","Nee"
"2021/03/11 3:54:01 p.m. CET","13 - 18 jaar","6","60 - 80 %","5","5","Die gel stonk of als die te ver spuit op je kleren.","Je zelf dingen ervan moet aanraken met je handen ","Alcohol vernevelen","5 - 10 seconden","Optie 1","Optie 1","Optie 3;Optie 4","Ja"
"2021/03/11 3:54:29 p.m. CET","19 - 24 jaar","20","60 - 80 %","5","4","","het product er uitloopt","Alcohol vernevelen","10 - 15 seconden","Optie 5","Optie 1","Optie 3;Optie 4","Nee"
"2021/03/11 3:56:32 p.m. CET","13 - 18 jaar","1","60 - 80 %","3","4","Er veel te veel uitkwam en het op me schoenen belandde","Er resten gel achterblijven aan de zuil","Alcoholgel dosering","15 - 20 seconden","Optie 1","Optie 1","Optie 4","Nee"
"2021/03/11 3:56:40 p.m. CET","13 - 18 jaar","2","60 - 80 %","5","4","","","Alcoholgel dosering","15 - 20 seconden","Optie 1","Optie 1;Optie 4","Optie 1;Optie 2","Ja"
"2021/03/11 3:57:44 p.m. CET","13 - 18 jaar","10","40 - 60 %","4","5","Het ontsmettingsmiddel stonk of te plakkerig was.","/","Alcohol vernevelen","Langer dan 20 seconden","Optie 1;Optie 5","Optie 1","Optie 3;Optie 4;Optie 5","Ja"
"2021/03/11 3:57:50 p.m. CET","19 - 24 jaar","1","0 - 20 %","1","5","","","Alcoholgel dosering","Langer dan 20 seconden","Optie 1;Optie 2","Optie 1;Optie 4","Optie 3;Optie 4;Optie 5","Ja"
"2021/03/11 3:58:47 p.m. CET","13 - 18 jaar","10","80 - 100 %","4","5","","","Alcohol vernevelen","5 - 10 seconden","Optie 1;Optie 2","Optie 2;Optie 4;Optie 7","Optie 2","Ja"
"2021/03/11 3:59:03 p.m. CET","13 - 18 jaar","6","80 - 100 %","4","5","Plakkende handgel, stinkende handgel, lege ontsmettingszuil","Plakkende ontsmettingsgel","Alcohol vernevelen","Langer dan 20 seconden","Optie 1;Optie 6;Optie 7","Optie 1","Optie 1;Optie 3;Optie 4","Ja"
"2021/03/11 4:00:45 p.m. CET","60 - 65 jaar","10","20 - 40 %","4","5","","","Alcoholgel dosering","1 - 5 seconden","","","","Nee"
"2021/03/11 4:01:20 p.m. CET","19 - 24 jaar","4","60 - 80 %","3","3","De overige ontsmetting gewoon op de grond/in zo een bakje valt ","Er hopen ontsmetting naast ligt die er te veel uitgelopen is ","Alcohol vernevelen","15 - 20 seconden","Optie 1","Optie 1;Optie 4","Optie 3;Optie 4","Ja"
"2021/03/11 4:01:25 p.m. CET","13 - 18 jaar","10","20 - 40 %","4","5","","","Alcohol vernevelen","1 - 5 seconden","Optie 2","Optie 1","Optie 3;Optie 4","Ja"
"2021/03/11 4:03:02 p.m. CET","19 - 24 jaar","3","60 - 80 %","4","5","","Het niet contactloos te bedienen is","Alcohol vernevelen","10 - 15 seconden","Optie 1;Optie 2;Optie 7","Optie 1;Optie 2;Optie 4","Optie 2;Optie 4","Nee"
"2021/03/11 4:03:09 p.m. CET","19 - 24 jaar","4","80 - 100 %","4","5","Die niet proper was of niet werkte of leeg was","Die vuil is of er allemaal gebruikte papieren rond liggen (zoals bij winkels)","Alcohol vernevelen","5 - 10 seconden","Optie 2;Optie 6;Optie 7","Optie 1;Optie 2;Optie 4","Optie 4","Ja"
"2021/03/11 4:03:23 p.m. CET","13 - 18 jaar","6","80 - 100 %","4","5","","Er veel stof en vuil opligt. ","Alcohol vernevelen","10 - 15 seconden","Optie 2;Optie 5;Optie 6","Optie 1;Optie 7","Optie 3;Optie 4","Ja"
"2021/03/11 4:07:19 p.m. CET","19 - 24 jaar","1","80 - 100 %","4","4","","Ze met de handen aangeraakt moet worden","Alcohol vernevelen","15 - 20 seconden","Optie 1;Optie 7","Optie 1","Optie 3;Optie 4","Ja"
"2021/03/11 4:08:05 p.m. CET","13 - 18 jaar","10","60 - 80 %","3","4","","","Alcohol vernevelen","5 - 10 seconden","Optie 1;Optie 5;Optie 6","Optie 1;Optie 2","Optie 2;Optie 3","Nee"
"2021/03/11 4:08:38 p.m. CET","19 - 24 jaar","1","20 - 40 %","4","3","Dit heel vuil is","","Alcoholgel dosering","15 - 20 seconden","Optie 6","Optie 1","Optie 3","Ja"
"2021/03/11 4:09:21 p.m. CET","66 - 71 jaar","3","80 - 100 %","4","4","Er geen vloeistof meer in zit !","De omgeving waar hij staat niet netjes is...","Alcohol vernevelen","5 - 10 seconden","Optie 1;Optie 7","Optie 1;Optie 2","Optie 3;Optie 5","Ja"
"2021/03/11 4:10:04 p.m. CET","19 - 24 jaar","1","80 - 100 %","3","4","Omdat er veel te veel gel uitkwam waardoor mijn handen lik volhangen met water.","Het handmatig gebruik is of op een tafel staat","Alcoholgel dosering","5 - 10 seconden","Optie 1;Optie 2;Optie 3;Optie 5","Optie 1;Optie 2;Optie 4","Optie 1;Optie 2;Optie 3;Optie 4;Optie 5","Ja"
"2021/03/11 4:10:08 p.m. CET","78 - 83 jaar","1","80 - 100 %","5","5","","","Alcoholgel dosering","5 - 10 seconden","Optie 2","Optie 1","Optie 4","Ja"
"2021/03/11 4:12:33 p.m. CET","19 - 24 jaar","5","20 - 40 %","5","4","Hij vuil was","De spatjes blijven plakken","Alcohol vernevelen","Langer dan 20 seconden","Optie 1;Optie 7","Optie 1","Optie 2;Optie 3","Ja"
"2021/03/11 4:13:03 p.m. CET","13 - 18 jaar","4","80 - 100 %","5","5","het soms lang duurt voor de alcoholgel eruit komt (bij automatische zuilen)","/","Alcoholgel dosering","10 - 15 seconden","Optie 1","Optie 1","Optie 5","Nee"
"2021/03/11 4:13:36 p.m. CET","13 - 18 jaar","6","20 - 40 %","4","5","","Alsje er met je Haden op drukt ","Alcohol vernevelen","15 - 20 seconden","Optie 5","Optie 1","Optie 4","Ja"
"2021/03/11 4:13:53 p.m. CET","78 - 83 jaar","2","40 - 60 %","4","4","Omdat het onduidelijk was wat te doen","Het vuil is en blijft lekken","Alcoholgel dosering","Langer dan 20 seconden","Optie 5","Optie 1;Optie 4","Optie 5","Nee"
"2021/03/11 4:14:21 p.m. CET","13 - 18 jaar","12","60 - 80 %","3","3","","Vuil is","Alcoholgel dosering","15 - 20 seconden","Optie 7","Optie 1","Optie 4","Ja"
"2021/03/11 4:15:29 p.m. CET","19 - 24 jaar","5","20 - 40 %","5","5","Er geen ontsmettingsalcohol meer uitkwam","Die vuil is (als er veel druppels zijn)","Alcohol vernevelen","Langer dan 20 seconden","Optie 1;Optie 2;Optie 5","Optie 1;Optie 2","Optie 2;Optie 5","Ja"
"2021/03/11 4:16:46 p.m. CET","19 - 24 jaar","10","0 - 20 %","4","4","","Er overal al alcoholgel ligt","Alcohol vernevelen","Langer dan 20 seconden","Optie 1;Optie 2","Optie 1;Optie 4","Optie 2;Optie 3;Optie 4","Ja"
"2021/03/11 4:17:56 p.m. CET","13 - 18 jaar","15","40 - 60 %","4","5","","","Alcoholgel dosering","15 - 20 seconden","Optie 1;Optie 5","Optie 1;Optie 4","Optie 2;Optie 3;Optie 4","Ja"
"2021/03/11 4:18:43 p.m. CET","25 - 30 jaar","0,5","60 - 80 %","4","5","Als de alcoholgebruik stinkt, de contactloze werking niet goed werkt en er dus geen spray of gel uit de zuil komt","Je nog iets moet aanraken","Alcohol vernevelen","Langer dan 20 seconden","Optie 1","Optie 1;Optie 4","Optie 1;Optie 4","Ja"
"2021/03/11 4:20:51 p.m. CET","13 - 18 jaar","1","80 - 100 %","4","5","Hij te traag werkte","Hij vuil is/ volhangt met opgedroogde ontsmetting","Alcohol vernevelen","5 - 10 seconden","Optie 1;Optie 5;Optie 7","Optie 1","Optie 1;Optie 4","Nee"
"2021/03/11 4:21:27 p.m. CET","19 - 24 jaar","3","80 - 100 %","4","4","Het niet automatisch ging of ik niet met mijn voet op een knop kon duwen zodat er ontsmettingsgel uit kwam","Het niet proper lijkt","Alcoholgel dosering","15 - 20 seconden","Optie 1","Optie 1","Optie 3;Optie 4","Ja"
"2021/03/11 4:21:52 p.m. CET","13 - 18 jaar","15","40 - 60 %","4","4","Er niks uit kwam","Vuil is","Alcoholgel dosering","Langer dan 20 seconden","Optie 2;Optie 4;Optie 5","Optie 1;Optie 2;Optie 4","Optie 1;Optie 4","Ja"
"2021/03/11 4:21:53 p.m. CET","19 - 24 jaar","25","60 - 80 %","5","5","Deze te laag was","","Alcoholgel dosering","15 - 20 seconden","Optie 1","Optie 1;Optie 4","Optie 3;Optie 5","Ja"
"2021/03/11 4:21:58 p.m. CET","13 - 18 jaar","2","60 - 80 %","5","3","","","Alcohol vernevelen","10 - 15 seconden","Optie 1;Optie 7","Optie 1","Optie 2","Ja"
"2021/03/11 4:22:05 p.m. CET","25 - 30 jaar","1","80 - 100 %","4","4","De gel op was of omdat het mechanisme te los in elkaar zat en niet stabiel was ","Er veel oude gel aan hangt. ","Alcoholgel dosering","10 - 15 seconden","Optie 2;Optie 6","Optie 1","Optie 1;Optie 3","Nee"
"2021/03/11 4:22:33 p.m. CET","Jonger dan 13 jaar","16","40 - 60 %","4","4","Omdat ik een wonde had","","Alcohol vernevelen","10 - 15 seconden","Optie 3;Optie 5","Optie 1;Optie 4;Optie 6","Optie 2;Optie 4;Optie 5","Ja"
"2021/03/11 4:23:22 p.m. CET","13 - 18 jaar","3 keer ","40 - 60 %","5","4","","","Alcohol vernevelen","15 - 20 seconden","Optie 1","Optie 1","Optie 3","Ja"
"2021/03/11 4:23:35 p.m. CET","13 - 18 jaar","3","60 - 80 %","4","5","","Deze er onverzorgd uit ziet en er afval rond ligt.","Alcoholgel dosering","10 - 15 seconden","Optie 1;Optie 5","Optie 1","Optie 2;Optie 3;Optie 5","Ja"
"2021/03/11 4:24:15 p.m. CET","66 - 71 jaar","""3","80 - 100 %","4","5","","","Alcoholgel dosering","15 - 20 seconden","Optie 2","Optie 4","Optie 5","Ja"
"2021/03/11 4:24:52 p.m. CET","42 - 47 jaar","5","80 - 100 %","5","5","Ze leeg was of niet werkte","Deze niet verzorgd word","Alcohol vernevelen","15 - 20 seconden","Optie 1;Optie 4;Optie 7","Optie 1;Optie 2;Optie 4","Optie 1;Optie 4","Ja"
"2021/03/11 4:24:55 p.m. CET","13 - 18 jaar","3","20 - 40 %","4","3","","","Alcohol vernevelen","5 - 10 seconden","Optie 1;Optie 5","Optie 1;Optie 4","Optie 3;Optie 4","Nee"
"2021/03/11 4:25:21 p.m. CET","36 - 41 jaar","2","80 - 100 %","4","4","Je zelf moest pompen, het al heel vuil was, zeer dikke gel en geen papier meer om de handen te drogen","Er aangekoekte gel aan hangt, je zelf moet drukken en het er al veel gebruikt uitziet","Alcohol vernevelen","15 - 20 seconden","Optie 1;Optie 2","Optie 1;Optie 4","Optie 3","Nee"
"2021/03/11 4:26:14 p.m. CET","31 - 36 jaar","6","0 - 20 %","5","5","Niet want ik gebruik ze nie keb er altijd bij mij ","","Alcohol vernevelen","5 - 10 seconden","Optie 1;Optie 3;Optie 5","Optie 1;Optie 2","Optie 3;Optie 4","Ja"
"2021/03/11 4:26:57 p.m. CET","48 - 53 jaar","10","20 - 40 %","3","4","Ofwel te weing ofwel teveel gel","Ze lekt, niet onmiddellijk werkt...","Alcoholgel dosering","10 - 15 seconden","Optie 2;Optie 4;Optie 6","Optie 2","Optie 3;Optie 5","Ja"
"2021/03/11 4:27:31 p.m. CET","19 - 24 jaar","4","40 - 60 %","4","5","","Het niet schoongemaakt is en overal alcohol rond hangt","Alcoholgel dosering","Langer dan 20 seconden","Optie 1","Optie 1","Optie 3","Nee"
"2021/03/11 4:27:48 p.m. CET","19 - 24 jaar","1","80 - 100 %","4","4","alles niet handig is, je kan moeilijk aan het ontsmettingsmiddel","","Alcoholgel dosering","10 - 15 seconden","Optie 1;Optie 5;Optie 7","Optie 1","Optie 3;Optie 4","Nee"
"2021/03/11 4:28:57 p.m. CET","13 - 18 jaar","15","60 - 80 %","4","3","De onstmettingsgel plakt","Als het een handpomp heeft.","Alcohol vernevelen","10 - 15 seconden","Optie 1","Optie 1","Optie 2","Ja"
"2021/03/11 4:28:58 p.m. CET","36 - 41 jaar","4","80 - 100 %","4","5","Het ontsmettingsmiddel stinkt of plakt","Er veel gebruikte doekjes rondslingeren","Alcohol vernevelen","Langer dan 20 seconden","Optie 1;Optie 5","Optie 1;Optie 4","Optie 3","Ja"
"2021/03/11 4:29:13 p.m. CET","54 - 59 jaar","3","80 - 100 %","5","5","Onhandig te gebruiken","teveel zelf met je handen moet aankomen","Alcohol vernevelen","5 - 10 seconden","Optie 1","Optie 1","Optie 5","Ja"
"2021/03/11 4:29:22 p.m. CET","13 - 18 jaar","5","60 - 80 %","3","3","sommige producten plakken","/","Alcoholgel dosering","1 - 5 seconden","Optie 2;Optie 5","Optie 1;Optie 4","Optie 3;Optie 4","Ja"
"2021/03/11 4:29:31 p.m. CET","54 - 59 jaar","3","80 - 100 %","3","3","het product te vloeibaar is of spuit","je er moet aankomen met je handen","Alcoholgel dosering","5 - 10 seconden","Optie 1;Optie 7","Optie 1;Optie 4","Optie 3;Optie 4","Ja"
"2021/03/11 4:29:48 p.m. CET","13 - 18 jaar","4","40 - 60 %","4","4","","","Alcohol vernevelen","5 - 10 seconden","Optie 1;Optie 2;Optie 6","Optie 1;Optie 2;Optie 4","Optie 2","Ja"
"2021/03/11 4:29:50 p.m. CET","19 - 24 jaar","5-6","80 - 100 %","5","5","","","Alcoholgel dosering","Langer dan 20 seconden","Optie 1;Optie 2;Optie 5","Optie 1","Optie 3;Optie 4","Ja"
"2021/03/11 4:30:44 p.m. CET","19 - 24 jaar","2","60 - 80 %","4","5","Hem zelf moet indrukken","Je het zelf moet indrukken","Alcohol vernevelen","5 - 10 seconden","Optie 1","Optie 1","Optie 3","Ja"
"2021/03/11 4:30:48 p.m. CET","48 - 53 jaar","1","40 - 60 %","4","4","er te veel volk staat omdat met moet zoeken hoe het werkt en overvolle vuilbak ernaast voor papier in te gooien","als je het moet aanraken en als de vuilbak ernaast voor het papier uitpuilt en zichtbaar is","Alcoholgel dosering","Langer dan 20 seconden","Optie 1;Optie 3","Optie 1","Optie 1","Ja"
"2021/03/11 4:31:21 p.m. CET","19 - 24 jaar","3","80 - 100 %","5","5","leeg was (aan zee) en mensen hun handen niet konden ontsmetten","","Alcohol vernevelen","10 - 15 seconden","Optie 1","Optie 1","Optie 2","Ja"
"2021/03/11 4:31:54 p.m. CET","42 - 47 jaar","10","80 - 100 %","5","5","Leeg is","Leeg is en vuil erond","Alcoholgel dosering","15 - 20 seconden","Optie 4;Optie 5;Optie 6","Optie 1;Optie 2;Optie 4","Optie 3;Optie 4","Ja"
"2021/03/11 4:32:08 p.m. CET","19 - 24 jaar","10","40 - 60 %","4","3","","","Alcoholgel dosering","5 - 10 seconden","Optie 1","Optie 1","Optie 1","Ja"
"2021/03/11 4:33:14 p.m. CET","19 - 24 jaar","4","60 - 80 %","4","5","","Het pompje vuil/samengeklit is","Alcohol vernevelen","5 - 10 seconden","Optie 1;Optie 5","Optie 1;Optie 4","Optie 1;Optie 2;Optie 3","Ja"
"2021/03/11 4:33:16 p.m. CET","19 - 24 jaar","15","80 - 100 %","5","5","","","Alcoholgel dosering","Langer dan 20 seconden","Optie 1;Optie 5","Optie 1","Optie 3;Optie 4","Ja"
"2021/03/11 4:33:22 p.m. CET","13 - 18 jaar","5","60 - 80 %","4","5","Die er totaal niet hygi√´nisch uitzag.","Je het vuil er letterlijk ziet opzitten.","Alcoholgel dosering","15 - 20 seconden","Optie 1;Optie 2","Optie 1;Optie 4","Optie 3;Optie 4","Ja"
"2021/03/11 4:33:37 p.m. CET","19 - 24 jaar","5","60 - 80 %","3","4","Niet werkte, te veel middel, stinkend middel,...","","Alcohol vernevelen","5 - 10 seconden","Optie 1","Optie 1","Optie 5","Ja"
"2021/03/11 4:33:43 p.m. CET","13 - 18 jaar","3","80 - 100 %","4","4","de handgel zelf stinkt, of als je hzm niet gemakkelijk  kunt gebruiken","de handgel overal ernaast ligt","Alcoholgel dosering","5 - 10 seconden","Optie 1","Optie 1","Optie 3","Ja"
"2021/03/11 4:33:57 p.m. CET","36 - 41 jaar","30","0 - 20 %","3","3","deze de doorgang blokkeerde","deze niet netjes is en wanneer het opvangbakje overloopt ","Alcohol vernevelen","15 - 20 seconden","Optie 1","Optie 1","Optie 4","Ja"
"2021/03/11 4:34:43 p.m. CET","13 - 18 jaar","10 keer","60 - 80 %","5","4","","Hij lekt
","Alcoholgel dosering","5 - 10 seconden","Optie 1;Optie 2;Optie 3","Optie 1","Optie 5","Ja"
"2021/03/11 4:36:01 p.m. CET","13 - 18 jaar","18","20 - 40 %","2","3","","","Alcoholgel dosering","1 - 5 seconden","Optie 1;Optie 5","Optie 1;Optie 2;Optie 4","Optie 1;Optie 3","Ja"
"2021/03/11 4:36:37 p.m. CET","66 - 71 jaar","1","60 - 80 %","5","5","De pedaal stuk was en je de bijhorende spuitbus moest nemen ","Er gebruikt papier rond ligt en er geen voetbediening is","Alcoholgel dosering","Langer dan 20 seconden","Optie 1;Optie 2","Optie 1;Optie 2;Optie 4","Optie 1;Optie 4","Ja"
"2021/03/11 4:37:04 p.m. CET","13 - 18 jaar","3","0 - 20 %","3","4","","Hij leeg iw","Alcohol vernevelen","5 - 10 seconden","Optie 1;Optie 5","Optie 1;Optie 4","Optie 2;Optie 4","Nee"
"2021/03/11 4:37:15 p.m. CET","13 - 18 jaar","10","60 - 80 %","4","3","De gel ook vaak op de grond beland ","Het met de hand bediend word","Alcoholgel dosering","5 - 10 seconden","Optie 5","Optie 1;Optie 4","Optie 1;Optie 3","Ja"
"2021/03/11 4:37:30 p.m. CET","13 - 18 jaar","7","60 - 80 %","5","5","","Allemaal hetzelfde flesje gebruiken.","Alcoholgel dosering","10 - 15 seconden","Optie 1","Optie 2","Optie 2;Optie 3;Optie 5","Ja"
"2021/03/11 4:37:48 p.m. CET","19 - 24 jaar","3","40 - 60 %","3","2","ik wondjes aan mijn handen had en deze dan begonnen pijn te doen","die vaak gebruikt wordt en er vuil uit ziet","Alcoholgel dosering","5 - 10 seconden","Optie 2;Optie 3;Optie 7","Optie 1;Optie 2;Optie 4","Optie 1;Optie 4","Nee"
"2021/03/11 4:37:58 p.m. CET","19 - 24 jaar","3","80 - 100 %","3","5","...het flesje leeg was, ...er zeep in het flesje zat, ...de zuil niet rechtop bleef staan als ik de voethendel gebruikte","...de bijhorende vuilbak overvol zit, ...er overal ontsmettingsmiddel hangt","Alcohol vernevelen","5 - 10 seconden","Optie 1","Optie 1","Optie 1;Optie 2;Optie 5","Nee"
"2021/03/11 4:38:06 p.m. CET","19 - 24 jaar","4","60 - 80 %","4","5","Het ontsmettingsmiddel alle kanten uitspring","","Alcoholgel dosering","Langer dan 20 seconden","Optie 5;Optie 7","Optie 1","Optie 4","Ja"
"2021/03/11 4:38:29 p.m. CET","31 - 36 jaar","6","60 - 80 %","3","4","Die er zwart uitzag van alle mensenhanden die de zuil al hadden aangeraakt. Echt vies gewoon.","Er vuil uitziet, de restjes ontsmettingsgeld overal in het rond hangen","Alcohol vernevelen","5 - 10 seconden","Optie 1;Optie 7","Optie 1","Optie 3;Optie 5","Ja"
"2021/03/11 4:41:54 p.m. CET","54 - 59 jaar","2","80 - 100 %","4","4","Soms zuiver alcohol die langs alle kanten spuit üôÅ","Het vol ligt met papier errond om de handen te drogen of dweil eronder om overtollige alcohol op te vangen - dat is ronduit vies","Alcoholgel dosering","10 - 15 seconden","Optie 2","Optie 1","Optie 3","Ja"
"2021/03/11 4:44:03 p.m. CET","19 - 24 jaar","5","60 - 80 %","5","5","Vuil was, leeg was, vies ontsmettingsmiddel, onpraktisch","Vuil is","Alcohol vernevelen","15 - 20 seconden","Optie 7","Optie 1","Optie 1","Ja"
"2021/03/11 4:44:54 p.m. CET","42 - 47 jaar","2","60 - 80 %","5","5","Deze leeg was, vuil,  niet automatisch( ik wil ze niet aanraken)","Ze niet automatisch gaat en moet aangeraakt worden ","Alcoholgel dosering","10 - 15 seconden","Optie 1","Optie 1","Optie 1","Ja"
"2021/03/11 4:45:13 p.m. CET","60 - 65 jaar","4","80 - 100 %","5","5","Als de gel te dik wasze niet automatisch werkt","","Alcohol vernevelen","5 - 10 seconden","Optie 1;Optie 2;Optie 5","","","Ja"
"2021/03/11 4:45:34 p.m. CET","36 - 41 jaar","5","40 - 60 %","5","5","","Er een propvolle vuilbak met gebruikte papier naast staat of geen vuilbak en de papiertjes op de grond liggen.","Alcoholgel dosering","15 - 20 seconden","Optie 5","Optie 1","Optie 3;Optie 4","Ja"
"2021/03/11 4:46:50 p.m. CET","25 - 30 jaar","4","80 - 100 %","5","5","Deze leeg was en niet effici√´nt genoeg was","Je de ontsmettingszuil moet aanraken met de handen","Alcoholgel dosering","Langer dan 20 seconden","Optie 1;Optie 2","Optie 1;Optie 2","Optie 2;Optie 3","Ja"
"2021/03/11 4:46:57 p.m. CET","19 - 24 jaar","0","0 - 20 %","4","4","","","Alcoholgel dosering","Langer dan 20 seconden","Optie 5;Optie 6","Optie 1;Optie 4","Optie 4","Ja"
"2021/03/11 4:47:38 p.m. CET","72 - 77 jaar","1","80 - 100 %","5","5","","Je hem niet met de voet kan bedienen","Alcohol vernevelen","5 - 10 seconden","Optie 2;Optie 5","Optie 1","Optie 1;Optie 3","Nee"
"2021/03/11 4:47:45 p.m. CET","13 - 18 jaar","2","80 - 100 %","3","4","","","Alcohol vernevelen","15 - 20 seconden","Optie 6","Optie 1","Optie 3","Nee"
"2021/03/11 4:48:15 p.m. CET","13 - 18 jaar","4","80 - 100 %","3","4","","","Alcohol vernevelen","10 - 15 seconden","Optie 1;Optie 5","Optie 1","Optie 3;Optie 4","Ja"
"2021/03/11 4:49:41 p.m. CET","19 - 24 jaar","4","60 - 80 %","4","4","","Je het moet vastpakken of op drukken voor er iets uit komt","Alcoholgel dosering","15 - 20 seconden","Optie 3;Optie 6;Optie 7","Optie 1;Optie 4","Optie 3;Optie 4","Nee"
"2021/03/11 4:51:18 p.m. CET","31 - 36 jaar","3","80 - 100 %","3","3","Leve vulling (komt vaak voor)","Plateaus vuil zijn, papier op","Alcohol vernevelen","5 - 10 seconden","Optie 2;Optie 6","Optie 1","Optie 3","Nee"
"2021/03/11 4:51:38 p.m. CET","60 - 65 jaar","Varieert erg , naar gelang ik op het werk ben , ik werk deeltijds in een WZC ! Tussen de 3 en  20 keer per dag ","80 - 100 %","5","5","","Ik gebruik niet graag ontsmettingszuilen waar ik met mijn handen moet aankomen ! Deze waar ik met mijn voet het ontsmettingsmiddel op de handen pomp zijn goed ! ","Alcoholgel dosering","Langer dan 20 seconden","Optie 1;Optie 4","Optie 1;Optie 2;Optie 3","Optie 2;Optie 3","Ja"
"2021/03/11 4:52:26 p.m. CET","13 - 18 jaar","7","40 - 60 %","3","5","Vuile doeken op de grond, alcohol gel op de bank","Zie boven ","Alcoholgel dosering","1 - 5 seconden","Optie 1;Optie 5;Optie 6","Optie 1;Optie 4","Optie 3;Optie 4","Ja"
"2021/03/11 4:52:29 p.m. CET","54 - 59 jaar","8","80 - 100 %","4","5","Opletten met spatten om niet in Uw gezicht nl uw ogen te krijgen!","Als er rond niet netjes is bv gebruik papier dat naast de vuilbak ligt ","Alcoholgel dosering","15 - 20 seconden","Optie 2;Optie 5","Optie 1","Optie 1;Optie 3","Ja"
"2021/03/11 4:55:35 p.m. CET","19 - 24 jaar","6","80 - 100 %","4","4","Je hem moet aanraken, hij leeg is","Er te veel gemorst wordt, als de gel op is","Alcoholgel dosering","10 - 15 seconden","Optie 4","Optie 1","Optie 3","Ja"
"2021/03/11 4:55:56 p.m. CET","54 - 59 jaar","1","80 - 100 %","5","5","","Mensen delen moeten aan raken","Alcoholgel dosering","10 - 15 seconden","Optie 2","Optie 1","Optie 3","Ja"
"2021/03/11 5:00:17 p.m. CET","60 - 65 jaar","2","0 - 20 %","1","5","","","Alcohol vernevelen","Je hoeft niet te wrijven, dat gaat vanzelf","Optie 1","Optie 1","Optie 5","Ja"
"2021/03/11 5:01:02 p.m. CET","60 - 65 jaar","6","80 - 100 %","5","5","","","Alcohol vernevelen","5 - 10 seconden","Optie 5","Optie 1","Optie 3","Ja"
"2021/03/11 5:01:39 p.m. CET","19 - 24 jaar","2","80 - 100 %","5","5","Ze leeg zijn of te veel geven of te plakkerig zijn","Er veel naast ligt","Alcohol vernevelen","10 - 15 seconden","Optie 1","Optie 1","Optie 4","Ja"
"2021/03/11 5:02:41 p.m. CET","19 - 24 jaar","2","80 - 100 %","5","5","stinkende of plakkerige gel","","Alcoholgel dosering","10 - 15 seconden","Optie 1;Optie 6;Optie 7","Optie 1;Optie 2","Optie 1;Optie 2;Optie 3;Optie 4","Ja"
"2021/03/11 5:03:49 p.m. CET","13 - 18 jaar","6","0 - 20 %","5","4","Sommige stinken","","Alcoholgel dosering","10 - 15 seconden","Optie 1;Optie 5","Optie 1","Optie 3;Optie 4","Ja"
"2021/03/11 5:04:23 p.m. CET","13 - 18 jaar","10","80 - 100 %","2","5","Ze niet allemaal geautomatiseerd zijn en dit je overal wel aan moet zitten met je handen.","De zuil lekt.","Alcoholgel dosering","5 - 10 seconden","Optie 2;Optie 5","Optie 1;Optie 4","Optie 3;Optie 4","Ja"
"2021/03/11 5:06:52 p.m. CET","36 - 41 jaar","2","60 - 80 %","4","4","Niet handsfree is / veel te veel ontsmettingsmiddel eruit komt / ontsmettingsmiddel een heel nare geur heeft","Niet handsfree is","Alcohol vernevelen","15 - 20 seconden","Optie 1","Optie 1","Optie 1","Ja"
"2021/03/11 5:12:27 p.m. CET","54 - 59 jaar","5","80 - 100 %","5","5","Het ontsmettingsmiddel op was en niet aangevuld kon worden","Je er met je handen aan moet komen","Alcoholgel dosering","Langer dan 20 seconden","Optie 1;Optie 2;Optie 6","Optie 1;Optie 2;Optie 4","Optie 3;Optie 4","Ja"
"2021/03/11 5:13:26 p.m. CET","54 - 59 jaar","2","80 - 100 %","5","5","","Het mag van mij er niet proper uitzien. Je ontsmet je handen toch. ","Alcoholgel dosering","15 - 20 seconden","Optie 1;Optie 2;Optie 6","Optie 1;Optie 4;Optie 5","Optie 1;Optie 4","Ja"
"2021/03/11 5:15:08 p.m. CET","13 - 18 jaar","4","60 - 80 %","3","4","Omdat je vaak net ervoor je handen al hebt ontsmet (vrijwillig of doordat je al vele zuilen gepasseerd bent en in tussentijd nog niets hebt aangeraakt) ook werken de automatische zuilen vaak niet of is het busje leeg.","Er in supermarkten overal papiertjes liggen om je karren mee te ontsmetten, je vuil ziet liggen, het dopje van een flacon al vuil is","Alcoholgel dosering","Je hoeft niet te wrijven, dat gaat vanzelf","Optie 1;Optie 5","Optie 1","Optie 3","Ja"
"2021/03/11 5:16:45 p.m. CET","13 - 18 jaar","10","80 - 100 %","4","4","Dat ontsmettingsmiddel stinkt naar gebakken patatjes","Vuil is","Alcoholgel dosering","15 - 20 seconden","Optie 2;Optie 5","Optie 1","Optie 3","Ja"
"2021/03/11 5:17:47 p.m. CET","13 - 18 jaar","2","80 - 100 %","4","5","","Je zelf de dispenser moet indrukken (zonder sensor dus) ","Alcoholgel dosering","10 - 15 seconden","Optie 1;Optie 3","Optie 1","Optie 1;Optie 3;Optie 4","Nee"
"2021/03/11 5:22:14 p.m. CET","54 - 59 jaar","2x","80 - 100 %","4","5","Leeg wasüò°","Proper en gevuld is","Alcohol vernevelen","10 - 15 seconden","Optie 5","Optie 1","Optie 4","Ja"
"2021/03/11 5:22:18 p.m. CET","19 - 24 jaar","1","60 - 80 %","5","5","Deze stond niet stabiel, deze zag er niet helemaal proper uit","ze plekken en spatten heeft, of een aluminium kleur heeft.","Alcoholgel dosering","Langer dan 20 seconden","Optie 2;Optie 6","Optie 1","Optie 2;Optie 3","Ja"
"2021/03/11 5:23:11 p.m. CET","31 - 36 jaar","5","40 - 60 %","4","4","","Je nog zelf moet pompen","Alcohol vernevelen","15 - 20 seconden","Optie 1;Optie 2","Optie 1;Optie 4","Optie 2;Optie 3","Ja"
"2021/03/11 5:24:52 p.m. CET","42 - 47 jaar","1","80 - 100 %","4","5","er veel te veel product uit kwam, omdat ze leeg was, er te weinig product uit kwam","het papier niet netjes kan weggegooid worden","Alcohol vernevelen","10 - 15 seconden","Optie 1;Optie 2;Optie 5","Optie 1","Optie 2;Optie 3;Optie 5","Ja"
"2021/03/11 5:26:40 p.m. CET","13 - 18 jaar","3","80 - 100 %","4","5","","","Alcohol vernevelen","Langer dan 20 seconden","Optie 1","Optie 1","Optie 2;Optie 3","Ja"
"2021/03/11 5:30:28 p.m. CET","42 - 47 jaar","1","80 - 100 %","5","4","Het product spoot zo bruusk uit het pompje dat mijn kleren vol natte vlekken waren","Er veel product rond ligt of hangt","Alcohol vernevelen","Langer dan 20 seconden","Optie 1;Optie 2","Optie 1;Optie 4","Optie 2;Optie 3","Ja"
"2021/03/11 5:33:00 p.m. CET","31 - 36 jaar","0.5","40 - 60 %","3","4","Omdat je niet weet waar je handen te houden zodat de gel OP je handen gaat belanden; een zuil die leeg is; als er teveel/ te weinig gel uit komt; ","De knop om op te duwen vuil is / er gel overal ligt.","Alcohol vernevelen","10 - 15 seconden","Optie 1;Optie 2","Optie 1","Optie 2;Optie 3","Nee"
"2021/03/11 5:33:49 p.m. CET","66 - 71 jaar","1","80 - 100 %","5","5","","Die droog staat","Alcohol vernevelen","5 - 10 seconden","Optie 2;Optie 5","Optie 1;Optie 4","Optie 5","Ja"
"2021/03/11 5:34:44 p.m. CET","19 - 24 jaar","3","80 - 100 %","4","5","","","Alcoholgel dosering","Langer dan 20 seconden","Optie 2;Optie 6","Optie 1","Optie 3;Optie 4","Ja"
"2021/03/11 5:38:27 p.m. CET","19 - 24 jaar","4","60 - 80 %","3","2","","","Alcohol vernevelen","15 - 20 seconden","Optie 1;Optie 6","Optie 1;Optie 4","Optie 4","Ja"
"2021/03/11 5:40:25 p.m. CET","13 - 18 jaar","10","60 - 80 %","3","4","Er kwam te veel uit","","Alcoholgel dosering","15 - 20 seconden","Optie 1;Optie 2;Optie 5","Optie 1","Optie 2;Optie 4","Ja"
"2021/03/11 5:40:46 p.m. CET","31 - 36 jaar","4","60 - 80 %","4","5","","","Alcoholgel dosering","Langer dan 20 seconden","Optie 4;Optie 7","Optie 1","Optie 3","Ja"
"2021/03/11 5:40:54 p.m. CET","66 - 71 jaar","3","80 - 100 %","4","5","Te veel produkt","De dop vuil is","Alcohol vernevelen","5 - 10 seconden","Optie 1;Optie 6","Optie 1;Optie 4","Optie 5","Ja"
"2021/03/11 5:43:16 p.m. CET","60 - 65 jaar","5","60 - 80 %","3","4","","Iedereen duwt op de knop","Alcohol vernevelen","5 - 10 seconden","Optie 5","Optie 1;Optie 3","Optie 4","Ja"
"2021/03/11 5:43:49 p.m. CET","42 - 47 jaar","45","60 - 80 %","4","4","Als het met gel is ipv waterige oplossing","Er druppels blijven aanhangen van het product","Alcohol vernevelen","15 - 20 seconden","Optie 1","","Optie 3;Optie 4","Ja"
"2021/03/11 5:43:56 p.m. CET","36 - 41 jaar","5","80 - 100 %","4","5","Ze vuil oogde, lekte, vies was ","Vingerafdrukken op, de ontsmetting er met een druppel nog hangt aan te bengelen...","Alcoholgel dosering","10 - 15 seconden","Optie 1","Optie 1","Optie 3","Ja"
"2021/03/11 5:45:58 p.m. CET","25 - 30 jaar","1","80 - 100 %","3","5","","","Alcoholgel dosering","1 - 5 seconden","Optie 1","Optie 1","Optie 1","Ja"
"2021/03/11 5:47:46 p.m. CET","25 - 30 jaar","Veel ","20 - 40 %","2","4","Stinkt, plakt, mijn handen drogen er van uit (qua job) ","Drupt naar beneden, een ‚Äúspray‚Äù effect vind ik properder ","Alcohol vernevelen","Langer dan 20 seconden","Optie 1;Optie 2;Optie 7","Optie 1;Optie 2;Optie 4","Optie 2;Optie 3;Optie 5","Ja"
"2021/03/11 5:48:14 p.m. CET","19 - 24 jaar","2","80 - 100 %","4","3","","","Alcohol vernevelen","10 - 15 seconden","Optie 2;Optie 5;Optie 7","Optie 1;Optie 2;Optie 4","Optie 1;Optie 4","Nee"
"2021/03/11 5:48:35 p.m. CET","60 - 65 jaar","20 keer","80 - 100 %","5","5","Leeg was","De gel langs de wanden plakt. Het papier op de grond ligt. ","Alcohol vernevelen","Langer dan 20 seconden","Optie 1;Optie 5","Optie 1","Optie 2;Optie 5","Ja"
"2021/03/11 5:48:59 p.m. CET","13 - 18 jaar","4","80 - 100 %","3","5","hij te lang bleef lopen en het helemaal smerig werd","hij volhangt met alcoholgel","Alcohol vernevelen","15 - 20 seconden","Optie 2;Optie 3;Optie 4","Optie 1;Optie 4","Optie 2;Optie 5","Nee"
"2021/03/11 5:49:52 p.m. CET","60 - 65 jaar","2","80 - 100 %","4","4","Als ze te ver spuiten, zodat het op je kleren terecht komt. Trouwens ook gevaarlijk voor kleine kinderen (ogen).","","Alcoholgel dosering","10 - 15 seconden","Optie 1","Optie 1","Optie 1","Ja"
"2021/03/11 5:51:19 p.m. CET","42 - 47 jaar","10","60 - 80 %","5","4","","","Alcohol vernevelen","5 - 10 seconden","Optie 1","Optie 1","Optie 1;Optie 3","Nee"
"2021/03/11 5:51:20 p.m. CET","42 - 47 jaar","3x","80 - 100 %","5","4","","","Alcoholgel dosering","Langer dan 20 seconden","Optie 1","Optie 1","Optie 4","Nee"
"2021/03/11 5:51:35 p.m. CET","54 - 59 jaar","2","80 - 100 %","5","5","die niet goed in het zicht staat of te ver van de ingang staat","","Alcohol vernevelen","Langer dan 20 seconden","Optie 1","Optie 1","Optie 1;Optie 4","Ja"
"2021/03/11 5:52:17 p.m. CET","31 - 36 jaar","2","60 - 80 %","4","4","Stuk is, niet aangevuld, gevaarlijk is voor kleutertjes (ooghoogte)","","Alcohol vernevelen","Langer dan 20 seconden","Optie 5","Optie 1","Optie 3","Ja"
"2021/03/11 5:52:37 p.m. CET","13 - 18 jaar","5","80 - 100 %","5","4","","Het vol hangt met stof. ","Alcoholgel dosering","Langer dan 20 seconden","Optie 1;Optie 5","Optie 1","Optie 3","Ja"
"2021/03/11 5:54:41 p.m. CET","31 - 36 jaar","1","60 - 80 %","4","3","","","Alcohol vernevelen","5 - 10 seconden","Optie 1;Optie 6","Optie 1","Optie 1;Optie 4","Ja"
"2021/03/11 5:57:38 p.m. CET","25 - 30 jaar","4","60 - 80 %","5","5","Deze leeg was","Er stof opgestapeld is","Alcohol vernevelen","15 - 20 seconden","Optie 4;Optie 6;Optie 7","Optie 1","Optie 1","Nee"
"2021/03/11 6:01:44 p.m. CET","36 - 41 jaar","1","0 - 20 %","5","5","Ik net denk dat er vieze beestjes innzitten ","Er net iemand voor u is geweest","Alcoholgel dosering","Langer dan 20 seconden","Optie 1;Optie 5;Optie 6","Optie 1","Optie 3","Ja"
"2021/03/11 6:02:16 p.m. CET","13 - 18 jaar","1","80 - 100 %","5","5","Ik eens heel de zuil moest aanraken vooraleer ik er alcoholgel uit kreeg.","","Alcoholgel dosering","1 - 5 seconden","Optie 3;Optie 4;Optie 5;Optie 6","Optie 1;Optie 4","Optie 1;Optie 3;Optie 4","Ja"
"2021/03/11 6:02:18 p.m. CET","19 - 24 jaar","2","0 - 20 %","4","3","","Altijd, want iedereen raakt dat aan voor die zijn handen heeft ontsmet. Tenzij de zuil een voetpedaal heeft ","Alcoholgel dosering","Langer dan 20 seconden","Optie 5","Optie 1","Optie 3","Nee"
"2021/03/11 6:04:06 p.m. CET","60 - 65 jaar","0","0 - 20 %","5","5","","Als iedereen er aan komt met zijn handen ","Alcoholgel dosering","15 - 20 seconden","Optie 1;Optie 2","Optie 1","Optie 1;Optie 4","Ja"
"2021/03/11 6:04:51 p.m. CET","72 - 77 jaar","6","40 - 60 %","3","5","Gel vind ik vies","Ver leeg is en er zomaar bij ligt","Alcohol vernevelen","1 - 5 seconden","Optie 5","Optie 1","Optie 2","Nee"
"2021/03/11 6:09:52 p.m. CET","42 - 47 jaar","10","80 - 100 %","2","5","Ze leeg was, niet goed werkte","Je op een knop miet duwen","Alcoholgel dosering","10 - 15 seconden","Optie 2;Optie 7","Optie 1","Optie 3","Ja"
"2021/03/11 6:12:59 p.m. CET","31 - 36 jaar","3","80 - 100 %","5","5","het er niet goed uit kwam, meerdere keren je handen onder het ""oog"" moeten plaatsen","de alcogel plakt","Alcohol vernevelen","5 - 10 seconden","Optie 1","Optie 1","Optie 3;Optie 4","Ja"
"2021/03/11 6:19:42 p.m. CET","31 - 36 jaar","2","80 - 100 %","2","5","De sensor op een slechte plaats zat waardoor er niet gemakkelijk product uitkwam","Hij vuil is","Alcoholgel dosering","5 - 10 seconden","Optie 1","Optie 1","Optie 1;Optie 3;Optie 4","Nee"
"2021/03/11 6:21:43 p.m. CET","13 - 18 jaar","2","40 - 60 %","3","5","","Er een hendel aanhangt","Alcohol vernevelen","10 - 15 seconden","Optie 4;Optie 5;Optie 7","Optie 1","Optie 2;Optie 3;Optie 4","Nee"
"2021/03/11 6:23:39 p.m. CET","42 - 47 jaar","1","80 - 100 %","5","5","Met handpomp werkte","Geen, ben volledig voor zo'n zuilen","Alcoholgel dosering","10 - 15 seconden","Optie 1;Optie 6","Optie 1;Optie 2;Optie 4","Optie 3;Optie 4","Ja"
"2021/03/11 6:26:30 p.m. CET","25 - 30 jaar","5","80 - 100 %","4","2","Voor kindjes, op hun hoogte het in hun gezicht, ogen vernevelt","Overal ontsmettingsmiddel aanpakt ","Alcoholgel dosering","10 - 15 seconden","Optie 1","Optie 1","Optie 1","Ja"
"2021/03/11 6:28:27 p.m. CET","42 - 47 jaar","1","60 - 80 %","4","4","","Je hem niet handenvrij kan bedienen ","Alcoholgel dosering","Langer dan 20 seconden","Optie 1","Optie 1","Optie 4","Ja"
"2021/03/11 6:28:33 p.m. CET","42 - 47 jaar","2","80 - 100 %","3","5","Er van die smerige dikke gel uit kwam","Er te veel smurrie rond ligt","Alcohol vernevelen","5 - 10 seconden","Optie 1;Optie 2;Optie 7","Optie 1;Optie 2","Optie 2;Optie 3","Ja"
"2021/03/11 6:28:45 p.m. CET","13 - 18 jaar","6","60 - 80 %","4","4","de handgel te stroperig is en je handen daarna nog minutenlang plakken.","het gewoon een tube is (zoals een tube zeep).","Alcohol vernevelen","Langer dan 20 seconden","Optie 1;Optie 3;Optie 7","Optie 1;Optie 4","Optie 1;Optie 3","Ja"
"2021/03/11 6:28:48 p.m. CET","48 - 53 jaar","2","80 - 100 %","5","5","De dosering veel te veel was","Er drukknoppen of hendels zijn","Alcoholgel dosering","10 - 15 seconden","Optie 1","Optie 1","Optie 2","Ja"
"2021/03/11 6:37:36 p.m. CET","31 - 36 jaar","2","80 - 100 %","5","5","Indien alcoholgel opgebruikt is","Ik verkies enkel voetbediening","Alcoholgel dosering","Langer dan 20 seconden","Optie 1;Optie 5;Optie 6","Optie 1","Optie 3;Optie 5","Ja"
"2021/03/11 6:39:18 p.m. CET","60 - 65 jaar","1","80 - 100 %","5","5","","De mensen het papier laten vallen naast de vuilbak, is blijkbaar teveel gevraagd alles netjes achter te laten","Alcoholgel dosering","10 - 15 seconden","Optie 5","Optie 1","Optie 4","Ja"
"2021/03/11 6:40:43 p.m. CET","42 - 47 jaar","50","80 - 100 %","5","5","Leeg was","Je je handen moet gebruiken, liever via elleboog of voetbediening","Alcoholgel dosering","Langer dan 20 seconden","Optie 5","Optie 1","Optie 1;Optie 3;Optie 4","Ja"
"2021/03/11 6:43:09 p.m. CET","19 - 24 jaar","1","60 - 80 %","4","4","","Er resten en spatten zijn","Alcohol vernevelen","5 - 10 seconden","Optie 1","Optie 1","Optie 4","Nee"
"2021/03/11 6:46:17 p.m. CET","42 - 47 jaar","1","80 - 100 %","5","5","","","Alcoholgel dosering","1 - 5 seconden","Optie 6","Optie 1","Optie 3","Nee"
"2021/03/11 6:48:24 p.m. CET","19 - 24 jaar","1","80 - 100 %","4","4","","","Alcoholgel dosering","10 - 15 seconden","Optie 3;Optie 5","Optie 1","Optie 3;Optie 4","Nee"
"2021/03/11 6:53:08 p.m. CET","36 - 41 jaar","3","80 - 100 %","5","5","","Ik ze moet aanraken","Alcohol vernevelen","Langer dan 20 seconden","Optie 1;Optie 5","Optie 1;Optie 2","Optie 4","Ja"
"2021/03/11 6:53:09 p.m. CET","25 - 30 jaar","1","80 - 100 %","4","4","Als het niet duidelijk is waar je je handen moet houden om te ontsmetten.","Deze bevuild is.","Alcoholgel dosering","Langer dan 20 seconden","Optie 1","Optie 1","Optie 3","Ja"
"2021/03/11 6:54:28 p.m. CET","48 - 53 jaar","3","80 - 100 %","5","5","Onstabiel als je met je voet op de pedaal duwt","","Alcohol vernevelen","Langer dan 20 seconden","Optie 1;Optie 5;Optie 6","Optie 1","Optie 1;Optie 4","Ja"
"2021/03/11 7:07:33 p.m. CET","19 - 24 jaar","7","80 - 100 %","4","4","Er te veel gel uitkomt, op iets moet drukken waar iedereen aankomt en als het op is. ","Als de paal niet goed vast staat en je hem moet tegen houden omdat je hem anders omver duwt ","Alcohol vernevelen","5 - 10 seconden","Optie 1;Optie 2","Optie 1","Optie 3;Optie 4","Nee"
"2021/03/11 7:09:50 p.m. CET","48 - 53 jaar","3","80 - 100 %","5","5","De gel op was,","Het nat ligt rond de zuil","Alcoholgel dosering","15 - 20 seconden","Optie 1;Optie 4;Optie 5","Optie 1;Optie 2;Optie 4","Optie 3;Optie 4","Ja"
"2021/03/11 7:11:38 p.m. CET","13 - 18 jaar","15","60 - 80 %","5","4","","","Alcohol vernevelen","15 - 20 seconden","Optie 1;Optie 5;Optie 7","Optie 1","Optie 3;Optie 4","Nee"
"2021/03/11 7:11:49 p.m. CET","19 - 24 jaar","4","80 - 100 %","4","3","Ik daarna met mijn vingers aan mijn mond kwam en het niet lekker smaakte? ","Ze er slordig en vuil uitziet, je er niet gemakkelijk aanraakt","Alcohol vernevelen","10 - 15 seconden","Optie 3","Optie 1","Optie 2","Ja"
"2021/03/11 7:13:11 p.m. CET","13 - 18 jaar","1","20 - 40 %","3","4","Deze op was","Als iedereen het moet aanraken als ze hangel willen (bv drukpompje) ","Alcoholgel dosering","15 - 20 seconden","Optie 1;Optie 2;Optie 7","Optie 1;Optie 4;Optie 7","Optie 1;Optie 4;Optie 5","Nee"
"2021/03/11 7:13:46 p.m. CET","66 - 71 jaar","4","80 - 100 %","5","5","Leeg was of niet functioneerde","Met induwpomp","Alcoholgel dosering","15 - 20 seconden","Optie 2","Optie 1","Optie 3","Ja"
"2021/03/11 7:14:08 p.m. CET","19 - 24 jaar","1","60 - 80 %","4","5","","","Alcohol vernevelen","5 - 10 seconden","Optie 1;Optie 2;Optie 4","Optie 1","Optie 2;Optie 3;Optie 4","Ja"
"2021/03/11 7:17:31 p.m. CET","48 - 53 jaar","2","80 - 100 %","5","5","De gel naast de handen terechtkwam en het was gewoon opgelost door een papiertje eronder te leggen.","De gel meer ergens anders ligt dan op je handen.","Alcohol vernevelen","15 - 20 seconden","Optie 1;Optie 7","Optie 1;Optie 4","Optie 1;Optie 3","Ja"
"2021/03/11 7:22:12 p.m. CET","66 - 71 jaar","3","60 - 80 %","3","5","Soms te liquide en te grote dosis","Een dweil onder het toestel om de overdossisen op te vangen.","Alcoholgel dosering","15 - 20 seconden","Optie 1;Optie 2;Optie 4;Optie 6;Optie 7","Optie 1;Optie 4","Optie 1;Optie 2;Optie 4;Optie 5","Ja"
"2021/03/11 7:22:19 p.m. CET","19 - 24 jaar","10","80 - 100 %","5","3","","Als deze automatisch werkt lijkt mij dit zeer hygi√´nisch ","Alcoholgel dosering","Langer dan 20 seconden","Optie 2","Optie 1","Optie 4","Ja"
"2021/03/11 7:23:09 p.m. CET","31 - 36 jaar","1","80 - 100 %","4","5","Omdat de zuil los stond (en bijna viel)","Je zelf moet duwen; of als de gel op de grond ligt","Alcohol vernevelen","5 - 10 seconden","Optie 1;Optie 5;Optie 6","Optie 1;Optie 4","Optie 1;Optie 3","Ja"
"2021/03/11 7:24:20 p.m. CET","13 - 18 jaar","5","20 - 40 %","5","3","de ontsmettingszuil een handpompje was (iedereen raakt het aan met zijn handen)","het een handpompje heeft","Alcohol vernevelen","5 - 10 seconden","Optie 1;Optie 5","Optie 1;Optie 4","Optie 2;Optie 3;Optie 4;Optie 5","Nee"
"2021/03/11 7:28:14 p.m. CET","42 - 47 jaar","5","60 - 80 %","5","5","Het product op was üòí","Je deze niet met de voet kan bedienen. ","Alcoholgel dosering","15 - 20 seconden","Optie 6","Optie 1","Optie 3","Ja"
"2021/03/11 7:31:26 p.m. CET","19 - 24 jaar","10","0 - 20 %","2","4","Het onduidelijk is hoe de zuil werkt, ofwel met de voet of met de hand ergens duwen maar je weet niet waar. Je ziet ook niet meteen of het leeg is en dan sta je daar te duwen terwijl er niks uitkomt. ","Hij vuil is. Als er resten ontsmettingsgel op hangt. Ik verkies ontsmettings gel die goed lopend is zoals water in plaats van een dikke gel. ","Alcohol vernevelen","5 - 10 seconden","Optie 1","Optie 1","Optie 3","Ja"
"2021/03/11 7:33:49 p.m. CET","25 - 30 jaar","20","60 - 80 %","4","5","","Je ieder keer zelf moed stukken op de pomp want als iedereen er aan komt dan kan er besmetting groot ","Alcohol vernevelen","5 - 10 seconden","Optie 1","Optie 1","Optie 3","Ja"
"2021/03/11 7:33:53 p.m. CET","60 - 65 jaar","1","80 - 100 %","5","5","","","Alcohol vernevelen","Langer dan 20 seconden","Optie 1","Optie 1","Optie 4","Ja"
"2021/03/11 7:38:31 p.m. CET","25 - 30 jaar","2","60 - 80 %","3","4","ze soms heel vuil zijn (zeepresten) ","er zeepresten aanhangen en papieren uitpuilen","Alcohol vernevelen","10 - 15 seconden","Optie 1;Optie 2","Optie 1","Optie 3","Ja"
"2021/03/11 7:41:56 p.m. CET","42 - 47 jaar","10","80 - 100 %","5","5","Die niet automatisch was en iedereen moet drukken","Geen proper uitzicht ","Alcohol vernevelen","10 - 15 seconden","Optie 2","Optie 2","Optie 3","Ja"
"2021/03/11 7:43:20 p.m. CET","19 - 24 jaar","6","0 - 20 %","2","4","","","Alcoholgel dosering","10 - 15 seconden","Optie 1","Optie 2","Optie 2","Ja"
"2021/03/11 7:44:25 p.m. CET","54 - 59 jaar","2","20 - 40 %","5","4","","Het er slordig rond is!","Alcohol vernevelen","10 - 15 seconden","Optie 1","Optie 1","Optie 1","Ja"
"2021/03/11 7:55:06 p.m. CET","54 - 59 jaar","3","80 - 100 %","5","5","Als ik mijn handen moet gebruiken om gel te nemen. ","Er overal papier rondslingerd.","Alcoholgel dosering","Langer dan 20 seconden","Optie 1;Optie 2","Optie 1;Optie 4","Optie 3;Optie 4","Ja"
"2021/03/11 7:59:10 p.m. CET","66 - 71 jaar","2","80 - 100 %","5","5","te sterk spuitte of leeg was","de tank met ontsmettingsproduct vuil is, de omgeving niet proper is","Alcohol vernevelen","Langer dan 20 seconden","Optie 2;Optie 5;Optie 7","Optie 1;Optie 2","Optie 2;Optie 3;Optie 5","Ja"
"2021/03/11 7:59:17 p.m. CET","13 - 18 jaar","2","80 - 100 %","4","5","","","Alcoholgel dosering","Langer dan 20 seconden","Optie 2;Optie 4;Optie 5","Optie 1;Optie 2;Optie 4","Optie 3","Ja"
"2021/03/11 8:00:12 p.m. CET","19 - 24 jaar","12","60 - 80 %","4","5","Er geen ontsmettingsmiddel meer in zat","Het ontsmettingsmiddel eruit druot en de buitenkant al plakt van vroeger gebruikt middel","Alcoholgel dosering","5 - 10 seconden","Optie 1;Optie 2","Optie 1","Optie 4;Optie 5","Ja"
"2021/03/11 8:02:05 p.m. CET","13 - 18 jaar","6","60 - 80 %","5","5","Hij niet automatisch was, en dat ik het als nog moest aanraken.","Je het zelf nog moet aanraken ","Alcohol vernevelen","15 - 20 seconden","Optie 3;Optie 6","Optie 1","Optie 2;Optie 3","Ja"
"2021/03/11 8:08:20 p.m. CET","13 - 18 jaar","25","80 - 100 %","4","5","","Mensen het na elkaar moeten vastnemen.","Alcohol vernevelen","Langer dan 20 seconden","","Optie 1","Optie 2;Optie 5","Nee"
"2021/03/11 8:10:24 p.m. CET","42 - 47 jaar","5","80 - 100 %","5","5","Ik de zuil zelf moest aanraken","Iedereen er moet aankomen om gel te krijgen","Alcoholgel dosering","15 - 20 seconden","Optie 1;Optie 2","Optie 1","Optie 1;Optie 3","Ja"
"2021/03/11 8:13:11 p.m. CET","36 - 41 jaar","10","80 - 100 %","5","5","Ik niet wist of deze wel degelijk werkte, ik denk dat mijn kat niet ontsmet was en dit vind ik erg vies","Ze niet aangevuld is/ als ze roest is...","Alcohol vernevelen","Langer dan 20 seconden","Optie 1;Optie 2;Optie 5","Optie 1;Optie 7","Optie 3;Optie 4","Ja"
"2021/03/11 8:19:01 p.m. CET","60 - 65 jaar","2","80 - 100 %","5","5","De gebruiksbediening met de handen moet aanraken","Vuil is, defect is, gebrekkig werkt, slordig errond, labiel staat, moeilijk bereikbaar is","Alcoholgel dosering","Langer dan 20 seconden","Optie 1;Optie 2","Optie 1;Optie 4","Optie 3;Optie 5","Ja"
"2021/03/11 8:22:21 p.m. CET","42 - 47 jaar","30","80 - 100 %","4","5","Je zelf op het pompje moet drukken (waar iedereen aan komt)","Er gel-klonters aan hangen","Alcohol vernevelen","15 - 20 seconden","Optie 1","Optie 1","Optie 3","Ja"
"2021/03/11 8:24:50 p.m. CET","19 - 24 jaar","0","80 - 100 %","4","3","Er veel te veel uit komt per keer","","Alcohol vernevelen","Langer dan 20 seconden","Optie 1;Optie 7","Optie 1","Optie 1;Optie 3;Optie 4;Optie 5","Ja"
"2021/03/11 8:31:05 p.m. CET","42 - 47 jaar","Elk moment ","20 - 40 %","4","1","Het weinig effect heeft. Water en zeep is nog steeds  beste remedie.","Als het plakt en drupt","Alcohol vernevelen","Langer dan 20 seconden","Optie 1","Optie 1","Optie 4","Nee"
"2021/03/11 8:31:31 p.m. CET","48 - 53 jaar","9","60 - 80 %","4","5","","","Alcoholgel dosering","15 - 20 seconden","Optie 1;Optie 3;Optie 5","Optie 1;Optie 4","Optie 2","Nee"
"2021/03/11 8:34:18 p.m. CET","31 - 36 jaar","2","80 - 100 %","4","4","Te vloeibare gel","Er overal papier rond ligt en het nat ligt","Alcohol vernevelen","5 - 10 seconden","Optie 1;Optie 4;Optie 6","Optie 1;Optie 2;Optie 4","Optie 2","Ja"
"2021/03/11 8:43:13 p.m. CET","42 - 47 jaar","2","0 - 20 %","5","5","","","Alcoholgel dosering","Langer dan 20 seconden","Optie 1","Optie 1","Optie 5","Ja"
"2021/03/11 8:43:42 p.m. CET","42 - 47 jaar","20","0 - 20 %","4","4","De gel plakkerig is","Je ze met de handen moet bedienen","Alcohol vernevelen","Langer dan 20 seconden","Optie 1;Optie 5","Optie 1","Optie 3;Optie 4;Optie 5","Ja"
"2021/03/11 8:51:46 p.m. CET","36 - 41 jaar","10","80 - 100 %","5","5","Slechte kwaliteit van product","","Alcoholgel dosering","10 - 15 seconden","Optie 2","Optie 1","Optie 2","Ja"
"2021/03/11 8:58:19 p.m. CET","42 - 47 jaar","1","80 - 100 %","5","5","Je met je voet moest indrukken en het ging niet","Ze lekkage toont ","Alcohol vernevelen","15 - 20 seconden","Optie 1","Optie 1","Optie 4","Ja"
"2021/03/11 8:59:23 p.m. CET","19 - 24 jaar","3","60 - 80 %","3","5","","","Alcohol vernevelen","10 - 15 seconden","Optie 1","Optie 1","Optie 3","Ja"
"2021/03/11 9:04:17 p.m. CET","13 - 18 jaar","4","20 - 40 %","3","4","","","Alcohol vernevelen","15 - 20 seconden","Optie 1","Optie 4","Optie 3","Ja"
"2021/03/11 9:09:30 p.m. CET","66 - 71 jaar","2","40 - 60 %","5","5","","","Alcohol vernevelen","Langer dan 20 seconden","Optie 1;Optie 2","Optie 1;Optie 4","Optie 3;Optie 4","Ja"
"2021/03/11 9:17:37 p.m. CET","48 - 53 jaar","3","60 - 80 %","5","4","Het was zeep, te veel gel, knop niet te vinden","ingebouwd","Alcoholgel dosering","15 - 20 seconden","Optie 1","Optie 1","Optie 5","Ja"
"2021/03/11 9:22:45 p.m. CET","13 - 18 jaar","5","80 - 100 %","3","4","","Het vuil is ","Alcoholgel dosering","15 - 20 seconden","Optie 1;Optie 4;Optie 6","Optie 1;Optie 4","Optie 1;Optie 4","Ja"
"2021/03/11 9:29:23 p.m. CET","36 - 41 jaar","15","80 - 100 %","5","5","Als het elektronisch systeem niet werkt","Hij vuil is","Alcohol vernevelen","Langer dan 20 seconden","Optie 2","Optie 1","Optie 5","Nee"
"2021/03/11 9:30:35 p.m. CET","13 - 18 jaar","5","60 - 80 %","4","4","Omdat deze leeg was","Als je eerst met je handen een knop moet indrukken, die waarschijnlijk vandaag door 20 andere mensen aangeraakt was ","Alcoholgel dosering","5 - 10 seconden","Optie 5","Optie 1","Optie 1","Ja"
"2021/03/11 9:32:51 p.m. CET","60 - 65 jaar","10","80 - 100 %","5","5","Omdat er  te weinig of teveel uit kwam","Het rommelig is errond","Alcohol vernevelen","10 - 15 seconden","Optie 1;Optie 2;Optie 6","Optie 1","Optie 5","Ja"
"2021/03/11 9:35:58 p.m. CET","36 - 41 jaar","5","60 - 80 %","3","5","Deze leeg was ","Deze vuil is of niet netjes staat","Alcoholgel dosering","5 - 10 seconden","Optie 1;Optie 5","Optie 1;Optie 4;Optie 7","Optie 2;Optie 5","Ja"
"2021/03/11 9:44:53 p.m. CET","72 - 77 jaar","1maal","20 - 40 %","5","5","","Als je het niet goed gebruikt","Alcoholgel dosering","5 - 10 seconden","Optie 1;Optie 3","Optie 1","Optie 3","Nee"
"2021/03/11 9:48:18 p.m. CET","19 - 24 jaar","2","80 - 100 %","5","5","Teveel ontsmet, plakkerig, stinkend","de ontsmettingszuil er zelf niet proper uitziet/ wanneer er gwn een ontsmettingspompje staat die je ook gwn in de winkel kan kopen (zoals een zeepformaat) ","Alcohol vernevelen","15 - 20 seconden","Optie 1;Optie 2","Optie 1;Optie 4","Optie 3;Optie 4","Ja"
"2021/03/11 9:50:34 p.m. CET","42 - 47 jaar","6","40 - 60 %","5","5","Die leeg is","Als die drupt en vuil is","Alcoholgel dosering","15 - 20 seconden","Optie 1;Optie 4","Optie 1","Optie 2","Ja"
"2021/03/11 9:56:44 p.m. CET","19 - 24 jaar","1","80 - 100 %","5","5","","","Alcohol vernevelen","5 - 10 seconden","Optie 3","Optie 1;Optie 4","Optie 1;Optie 4","Ja"
"2021/03/11 9:58:47 p.m. CET","54 - 59 jaar","9","0 - 20 %","3","5","Product spuit op uw kledij","Die zelf vuil is","Alcohol vernevelen","5 - 10 seconden","Optie 1","Optie 1","Optie 5","Ja"
"2021/03/11 10:05:34 p.m. CET","48 - 53 jaar","2","60 - 80 %","5","5","Er kwam niet genoeg ontsmettingsalcohol uit","Je zelf met je handen op de pomp moet duwen","Alcohol vernevelen","Langer dan 20 seconden","Optie 3","Optie 1","Optie 1","Ja"
"2021/03/11 10:08:44 p.m. CET","19 - 24 jaar","1","60 - 80 %","5","5","","","Alcohol vernevelen","10 - 15 seconden","Optie 1;Optie 2;Optie 7","Optie 1;Optie 4","Optie 2;Optie 3","Ja"
"2021/03/11 10:25:12 p.m. CET","60 - 65 jaar","2","80 - 100 %","4","4","","Als ze niet netjes is","Alcoholgel dosering","15 - 20 seconden","Optie 1","Optie 1","Optie 4","Ja"
"2021/03/11 10:33:32 p.m. CET","48 - 53 jaar","20","40 - 60 %","5","5","Ze er viezer uitzag dan mijn vuilcontainer","Ze onverzorgd lijkt","Alcohol vernevelen","Langer dan 20 seconden","Optie 1;Optie 2","Optie 1","Optie 2;Optie 5","Ja"
"2021/03/11 10:41:05 p.m. CET","19 - 24 jaar","8","80 - 100 %","5","5","De gel drupt op de grond","Je zelf moet pompen met je hand","Alcoholgel dosering","Langer dan 20 seconden","Optie 1;Optie 5;Optie 7","Optie 1;Optie 4","Optie 2;Optie 3;Optie 5","Ja"
"2021/03/11 10:45:26 p.m. CET","19 - 24 jaar","4","80 - 100 %","3","4","Er overmatig veel gel uitkwam/vloog. ","Ik de ontsmettingszuil moet aanraken voor het verkrijgen van de vloeistof. ","Alcohol vernevelen","10 - 15 seconden","Optie 1;Optie 7","Optie 1","Optie 1","Nee"
"2021/03/11 10:55:06 p.m. CET","19 - 24 jaar","2","40 - 60 %","5","5","","Veel alcoholgel op de grond door lekkage of slechg werkend oog in de zuil, daarom voorkeur voor verneveling","Alcohol vernevelen","1 - 5 seconden","Optie 1","Optie 1","Optie 2","Ja"
"2021/03/11 11:01:04 p.m. CET","48 - 53 jaar","1","80 - 100 %","5","5","De vloeistof stonk.","Er overal spetters en vlekken door ontstaan","Alcoholgel dosering","10 - 15 seconden","Optie 1","Optie 1","Optie 3","Ja"
"2021/03/11 11:06:11 p.m. CET","36 - 41 jaar","3","60 - 80 %","3","4","Soms droogt de ontsmettingsgel op en dan spuit de ontsmettingsalcohol alle kanten uit. Vind ik gevaarlijk ogen - > kinderen","Er geen vuilbak is voor de papieren doekjes en bij de niet automatische exemplaren dat de knop/hendel plakt ( waarop je duwt om ontsmettingsgel te krijgen) ","Alcohol vernevelen","5 - 10 seconden","Optie 1;Optie 5","Optie 1","Optie 3","Ja"
"2021/03/11 11:11:58 p.m. CET","13 - 18 jaar","10","60 - 80 %","5","5","Als deze vuil is of plakt en je er met je handen moet aankomen","Zie vraag hierboven","Alcoholgel dosering","15 - 20 seconden","Optie 6;Optie 7","Optie 1","Optie 3;Optie 4","Ja"
"2021/03/11 11:15:16 p.m. CET","48 - 53 jaar","4","80 - 100 %","5","5","","","Alcoholgel dosering","15 - 20 seconden","Optie 1;Optie 2","Optie 1;Optie 4","Optie 3;Optie 5","Ja"
"2021/03/11 11:30:39 p.m. CET","31 - 36 jaar","1","80 - 100 %","5","5","Het niet deftig ontruimd werd. Bv winkel papier","Het vuil oogt, zie vraag hierboven ","Alcoholgel dosering","Langer dan 20 seconden","Optie 4","Optie 1;Optie 4","Optie 1;Optie 3;Optie 4","Ja"
"2021/03/11 11:48:15 p.m. CET","42 - 47 jaar","3","0 - 20 %","2","2","Veel mensen nemen eerst iets vast alvoor ze ontsmetten ","","Alcoholgel dosering","1 - 5 seconden","Optie 2","Optie 1","Optie 2","Ja"
"2021/03/11 11:55:23 p.m. CET","54 - 59 jaar","10","80 - 100 %","5","5","Er moeizaam alcohol uitkwam, alcohol te plakkerig was. Voetbediening niet handig ","Alcohol aankoekt. ","Alcohol vernevelen","Langer dan 20 seconden","Optie 1","Optie 1","Optie 4","Ja"
"2021/03/12 12:17:43 a.m. CET","60 - 65 jaar","6","80 - 100 %","5","5","Ik eerst de juiste gebruiksaanwijzing niet direct zag, en slechte geur","Hij en rondom niet clean is","Alcohol vernevelen","Langer dan 20 seconden","Optie 1;Optie 2","Optie 1;Optie 2;Optie 4","Optie 2;Optie 5","Ja"
"2021/03/12 1:54:10 a.m. CET","72 - 77 jaar","1","80 - 100 %","3","5","Ze leeg was","Als je ze moet aanraken","Alcohol vernevelen","5 - 10 seconden","Optie 1;Optie 7","Optie 1;Optie 2","Optie 5","Ja"
"2021/03/12 3:08:53 a.m. CET","54 - 59 jaar","1","80 - 100 %","5","4","er veel te veel ontsmettingsmiddel uit komt","er overal papier rond ligt","Alcoholgel dosering","15 - 20 seconden","Optie 1","Optie 1","Optie 3;Optie 4","Nee"
"2021/03/12 4:13:14 a.m. CET","48 - 53 jaar","5","60 - 80 %","4","4","Moet duwen met de handen","","Alcohol vernevelen","5 - 10 seconden","Optie 1","Optie 1","Optie 3;Optie 4","Ja"
"2021/03/12 6:32:17 a.m. CET","36 - 41 jaar","2","60 - 80 %","4","5","Het soms zo vuil is, dat ik denk dat het mijn kans op besmetting zal verhogen ipv verlagen","Het ontsmettingsmiddel overal gemorst is","Alcoholgel dosering","10 - 15 seconden","Optie 1;Optie 2;Optie 3","Optie 1;Optie 2;Optie 4","Optie 1;Optie 5","Ja"
"2021/03/12 6:47:59 a.m. CET","54 - 59 jaar","10","80 - 100 %","3","5","Als de gel zich verspreid naast de zuil. Vb op de kleren of op de grond","De gel overal blijft plakken","Alcoholgel dosering","10 - 15 seconden","Optie 1","Optie 1","Optie 1","Ja"
"2021/03/12 7:08:49 a.m. CET","54 - 59 jaar","30","80 - 100 %","5","5","","","Alcoholgel dosering","5 - 10 seconden","Optie 1;Optie 5","Optie 1;Optie 4","Optie 4;Optie 5","Ja"
"2021/03/12 7:37:51 a.m. CET","42 - 47 jaar","2","60 - 80 %","4","3","","","Alcoholgel dosering","15 - 20 seconden","Optie 2","Optie 2","Optie 4","Ja"
"2021/03/12 7:44:55 a.m. CET","54 - 59 jaar","2","80 - 100 %","5","5","Leeg was en kapot","Het niet goed,werkt en een paar keer moet proberen.
","Alcoholgel dosering","Langer dan 20 seconden","Optie 1;Optie 2;Optie 3","Optie 1;Optie 2;Optie 4","Optie 3;Optie 4","Nee"
"2021/03/12 7:47:44 a.m. CET","54 - 59 jaar","2","80 - 100 %","5","5","Leeg dan en kapot","Meer of 1 keer moet pompen","Alcohol vernevelen","Langer dan 20 seconden","Optie 1;Optie 2;Optie 3","Optie 1;Optie 2;Optie 4","Optie 3;Optie 4","Ja"
"2021/03/12 7:55:36 a.m. CET","13 - 18 jaar","15","40 - 60 %","3","4","Er teveel uitkwam","","Alcohol vernevelen","Langer dan 20 seconden","Optie 1","Optie 1","Optie 3","Ja"
"2021/03/12 8:44:19 a.m. CET","19 - 24 jaar","4","80 - 100 %","4","5","Geen ontsmetting inzat","Volhangt met ontsmetting ","Alcoholgel dosering","15 - 20 seconden","Optie 1","Optie 1","Optie 2","Ja"
"2021/03/12 9:00:40 a.m. CET","54 - 59 jaar","5x","80 - 100 %","5","5","er geen produkt uit kwam na herhaaldelijk duwen","je ze moet aanraken","Alcoholgel dosering","10 - 15 seconden","Optie 1;Optie 6","Optie 1","Optie 3","Ja"
"2021/03/12 9:05:47 a.m. CET","66 - 71 jaar","2","60 - 80 %","5","5","","Als je zelf moet bedienen of spuiten","Alcoholgel dosering","15 - 20 seconden","Optie 1;Optie 4","Optie 1","Optie 5","Ja"
"2021/03/12 9:18:57 a.m. CET","48 - 53 jaar","50","80 - 100 %","5","3","Je toch nog met je handen moet aankomen ","Ze vuil is","Alcoholgel dosering","10 - 15 seconden","Optie 1","Optie 1;Optie 2","Optie 4","Ja"
"2021/03/12 9:22:13 a.m. CET","48 - 53 jaar","2","40 - 60 %","5","5","Ze niet werkte","Het niet automatisch werkt","Alcoholgel dosering","15 - 20 seconden","Optie 1;Optie 3","Optie 1;Optie 4","Optie 2;Optie 5","Ja"
"2021/03/12 9:54:56 a.m. CET","36 - 41 jaar","2","80 - 100 %","3","5","Er veel te veel gel uit kwam","Je er met je handen aan moet komen","Alcohol vernevelen","5 - 10 seconden","Optie 1;Optie 7","Optie 1","Optie 3","Ja"
"2021/03/12 10:22:17 a.m. CET","48 - 53 jaar","15","80 - 100 %","5","5","De vloeistof er maar niet uitkwam of te viskeus is","Je ze met een pomp-of treksysteem met de hand moet bedienen","Alcohol vernevelen","Langer dan 20 seconden","Optie 1;Optie 6","Optie 1","Optie 5","Ja"
"2021/03/12 10:30:58 a.m. CET","48 - 53 jaar","2","60 - 80 %","3","5","De gel precies water was","Hij niet netjes is ","Alcohol vernevelen","10 - 15 seconden","Optie 2","Optie 1","Optie 3","Ja"
"2021/03/12 10:32:50 a.m. CET","25 - 30 jaar","2","80 - 100 %","4","5","Als niet goed aangegeven staat hoe deze te bedienen. Indien bijvoorbeeld met de voet. ","Er geen ontsmetting meer aanwezig is","Alcoholgel dosering","5 - 10 seconden","Optie 1;Optie 2;Optie 6","Optie 1;Optie 2","Optie 1;Optie 2;Optie 3","Ja"
"2021/03/12 10:37:13 a.m. CET","19 - 24 jaar","8","60 - 80 %","4","5","Niet aangevuld werd","Vuil papier op de grond en rondom","Alcohol vernevelen","5 - 10 seconden","Optie 1;Optie 4;Optie 6","Optie 1;Optie 4;Optie 7","Optie 3;Optie 4","Ja"
"2021/03/12 10:39:00 a.m. CET","54 - 59 jaar","15","40 - 60 %","4","4","15","Plakkerig uitziet ","Alcoholgel dosering","5 - 10 seconden","Optie 1","Optie 1","Optie 4","Ja"
"2021/03/12 10:40:32 a.m. CET","54 - 59 jaar","5","80 - 100 %","5","5","... ze niet naar behoren werkt. Ze spuit te hard in verkeerde richting, soms superdunne twijfelachtige vloeistof . Ik ruik telkens zodat ik weet of er voldoende ontsmettingsalcohol in zit.","Je er met je handen moet aankomen","Alcoholgel dosering","15 - 20 seconden","Optie 6","Optie 1","Optie 4","Ja"
"2021/03/12 10:41:29 a.m. CET","36 - 41 jaar","10","80 - 100 %","3","3","Vuil was, opvangbakje overliep, ","","Alcoholgel dosering","1 - 5 seconden","Optie 1;Optie 2;Optie 7","Optie 1","Optie 3;Optie 4","Ja"
"2021/03/12 10:42:09 a.m. CET","54 - 59 jaar","3","80 - 100 %","3","5","Er te veel gel/vloeistof uitkwam","Errond veel papier slingert","Alcoholgel dosering","10 - 15 seconden","Optie 1;Optie 2","Optie 1","Optie 3;Optie 4","Ja"
"2021/03/12 10:42:09 a.m. CET","60 - 65 jaar","1","80 - 100 %","4","5","","Geen ervaring mee","Alcoholgel dosering","10 - 15 seconden","Optie 5","Optie 1","Optie 3","Ja"
"2021/03/12 10:45:10 a.m. CET","25 - 30 jaar","3","80 - 100 %","4","4","","","Alcoholgel dosering","Langer dan 20 seconden","Optie 6","Optie 1","Optie 4","Ja"
"2021/03/12 10:49:19 a.m. CET","54 - 59 jaar","5","60 - 80 %","5","5","omdat ik ze moest aanraken om ontsmettingsgel te krijgen","ze een 'bepotelde' indruk geeft","Alcohol vernevelen","15 - 20 seconden","Optie 1;Optie 2;Optie 6","Optie 1;Optie 2;Optie 7","Optie 3;Optie 5","Ja"
"2021/03/12 10:55:45 a.m. CET","48 - 53 jaar","2","60 - 80 %","5","5","Te vettige gel","Drupt, plas op de grond","Alcohol vernevelen","15 - 20 seconden","Optie 1","Optie 1","Optie 3","Ja"
"2021/03/12 10:57:22 a.m. CET","48 - 53 jaar","2","80 - 100 %","3","5","Het ontsmettingsproduct veel te plakkerig is of zuur ruikt","Er overal papier rond ligt en er een drupje uithangt","Alcoholgel dosering","15 - 20 seconden","Optie 1","Optie 1","Optie 3","Ja"
"2021/03/12 11:00:06 a.m. CET","60 - 65 jaar"," 1 of 2 ","80 - 100 %","5","4","","Als we daar met de handen moeten aankomen","Alcohol vernevelen","5 - 10 seconden","Optie 1;Optie 3","Optie 1","","Ja"
"2021/03/12 11:07:01 a.m. CET","72 - 77 jaar","20","60 - 80 %","5","5","Leeg was","Niet gebruikt word","Alcoholgel dosering","Langer dan 20 seconden","Optie 5","Optie 1;Optie 2;Optie 4","Optie 2;Optie 4","Ja"
"2021/03/12 11:11:38 a.m. CET","54 - 59 jaar","20","80 - 100 %","5","5","Als je met jouw handen her moet vasthouden,is niet veilig","Als het niet automatisch alcogel heeft","Alcoholgel dosering","Langer dan 20 seconden","Optie 2","Optie 1","Optie 3","Ja"
"2021/03/12 11:16:14 a.m. CET","31 - 36 jaar","10","20 - 40 %","4","5","Er niet genoeg vloeistof uitkwam,geur vloeistof","Druppen","Alcohol vernevelen","5 - 10 seconden","Optie 6","Optie 1","Optie 2","Ja"
"2021/03/12 11:18:10 a.m. CET","19 - 24 jaar","3","60 - 80 %","4","4","","","Alcohol vernevelen","15 - 20 seconden","Optie 1;Optie 7","Optie 1","Optie 2;Optie 3","Ja"
"2021/03/12 11:22:48 a.m. CET","54 - 59 jaar","2","80 - 100 %","5","5","Omdat er teveel ontsmettinggel op de handen kwam","","Alcoholgel dosering","Langer dan 20 seconden","Optie 1;Optie 2;Optie 4","Optie 1;Optie 2;Optie 3","Optie 1;Optie 3","Ja"
"2021/03/12 11:31:55 a.m. CET","19 - 24 jaar","1","80 - 100 %","5","5","Het bij een automatische soms heel lang duurt","Er overal ontsmettingsalcohol aanhangt ","Alcohol vernevelen","15 - 20 seconden","Optie 2;Optie 7","Optie 1;Optie 2","Optie 2;Optie 3","Ja"
"2021/03/12 11:44:04 a.m. CET","60 - 65 jaar","8","80 - 100 %","5","5","","Iedereen die met zijn handen aanraakt ","Alcohol vernevelen","Langer dan 20 seconden","Optie 1","Optie 1","Optie 4","Ja"
"2021/03/12 11:49:54 a.m. CET","36 - 41 jaar","5","80 - 100 %","3","5","Omdat deze super liquide waterachtige oplossing verspreid en bijna recht in het gezicht van mijn dochtertje terechtkwam.","Je er zelf moet op drukken en met je handen moet aankomen.","Alcohol vernevelen","15 - 20 seconden","Optie 1;Optie 2","Optie 1","Optie 2;Optie 3","Ja"
"2021/03/12 11:53:40 a.m. CET","36 - 41 jaar","10","80 - 100 %","4","5","Hij heel vuil was","Hij vuil is","Alcohol vernevelen","5 - 10 seconden","Optie 1;Optie 2","Optie 1","Optie 1;Optie 3;Optie 4","Ja"
"2021/03/12 12:04:25 p.m. CET","54 - 59 jaar","20","60 - 80 %","4","5","Helft op grond terecht komt en er komt te weinig uit ","","Alcoholgel dosering","10 - 15 seconden","Optie 1","Optie 1;Optie 4","Optie 3","Ja"
"2021/03/12 12:10:51 p.m. CET","42 - 47 jaar","4","80 - 100 %","5","5","Niet handig als je nog eerst op een knopje moet drukken of de cel er pas na een paar pogingen uit komt.","Als je er zelf nog eerst moet op drukken ","Alcohol vernevelen","5 - 10 seconden","Optie 1;Optie 2","Optie 1","Optie 1","Ja"
"2021/03/12 12:11:39 p.m. CET","42 - 47 jaar","20","60 - 80 %","3","5","duurt lang tot alcoholgel doorkomt, drupt","alcoholgel lekt door, doekjes om op te vangen","Alcoholgel dosering","Langer dan 20 seconden","Optie 1;Optie 2;Optie 7","Optie 1","Optie 2;Optie 3;Optie 5","Ja"
"2021/03/12 12:18:52 p.m. CET","31 - 36 jaar","1","0 - 20 %","1","1","Je ze moet aanraken. Ontsmettingsmiddel stinkt of plakt. Sproeit in alle richtingen of er komt bijna niets uit. Te hoog waardoor risico bij kleine kinderen om in de ogen terecht te komen. ","Je ze moet aanraken om je handen te ontsmetten. Gebruik ik ze liever niet. ","Alcoholgel dosering","1 - 5 seconden","Optie 1;Optie 4;Optie 6","Optie 1;Optie 2;Optie 4","Optie 3;Optie 4","Nee"
"2021/03/12 12:20:58 p.m. CET","48 - 53 jaar","6","60 - 80 %","4","4","Er teveel gel uit kwam","Je ze moet aanraken","Alcohol vernevelen","5 - 10 seconden","Optie 1","Optie 1","Optie 3","Ja"
"2021/03/12 12:27:32 p.m. CET","48 - 53 jaar","5","60 - 80 %","5","5","Slordig opgesteld","Veel papieren op de grond liggen","Alcohol vernevelen","10 - 15 seconden","Optie 1;Optie 4","Optie 1","Optie 3","Ja"
"2021/03/12 12:30:21 p.m. CET","48 - 53 jaar","2","0 - 20 %","5","5","","Er ontsmettingsgel aan hangt ","Alcohol vernevelen","10 - 15 seconden","Optie 1","Optie 1","Optie 1;Optie 3","Ja"
"2021/03/12 12:30:23 p.m. CET","60 - 65 jaar","3","40 - 60 %","3","5","De spuitop naar alle kanten spuit of opeens teveel produkt","Rondom niet proper , volle papierbak, opgedroogde resten aan spuitpunt","Alcohol vernevelen","10 - 15 seconden","Optie 1","Optie 2","Optie 5","Ja"
"2021/03/12 12:32:11 p.m. CET","48 - 53 jaar","1","80 - 100 %","5","5","Niet proper","Het lekt","Alcohol vernevelen","5 - 10 seconden","Optie 1;Optie 2;Optie 7","Optie 1;Optie 7","Optie 2;Optie 5","Ja"
"2021/03/12 12:34:00 p.m. CET","48 - 53 jaar","5","80 - 100 %","5","5","","Neen ","Alcohol vernevelen","5 - 10 seconden","Optie 6","Optie 1","Optie 3;Optie 5","Ja"
"2021/03/12 12:34:50 p.m. CET","25 - 30 jaar","4","40 - 60 %","4","5","Deze niet werkte of heel onhygi√´nisch leek (vb Colruyt)","Als er geen automatische pomp is bij hoog gebruik. Als er resten papier rond liggen","Alcoholgel dosering","5 - 10 seconden","Optie 1;Optie 3","Optie 1","Optie 1;Optie 3;Optie 4","Ja"
"2021/03/12 12:36:31 p.m. CET","48 - 53 jaar","4","80 - 100 %","5","5","Deze vuil is ","Hij vuil is ","Alcoholgel dosering","10 - 15 seconden","Optie 1;Optie 7","Optie 1","Optie 2","Ja"
"2021/03/12 12:41:49 p.m. CET","19 - 24 jaar","5","80 - 100 %","5","5","Geur alcoholgel
Leeg
vuil
Niet op voldoende afstand van anderen
Te weinig 
Te veel pompt
Andere soort pomp dan diegene die ik ken...
","Vuil oogt 

","Alcoholgel dosering","15 - 20 seconden","Optie 1;Optie 2;Optie 7","Optie 1","Optie 1;Optie 2;Optie 3;Optie 4;Optie 5","Nee"
"2021/03/12 1:00:23 p.m. CET","42 - 47 jaar","12","80 - 100 %","5","5","Het recht in het oog van mijn klein dochtertje spoot","Alle papier overloopt","Alcoholgel dosering","Langer dan 20 seconden","Optie 1;Optie 2;Optie 3","","Optie 1;Optie 3;Optie 4","Ja"
"2021/03/12 1:04:09 p.m. CET","25 - 30 jaar","3","80 - 100 %","4","4","","","Alcoholgel dosering","Langer dan 20 seconden","Optie 6","Optie 1","Optie 4","Ja"
"2021/03/12 1:14:54 p.m. CET","60 - 65 jaar","4 keer","80 - 100 %","5","5","Ja omdat de pedaal naar achteren geschopt was","Als er gewoon een spray op staat. Iedereen komt daar aan","Alcoholgel dosering","Langer dan 20 seconden","Optie 1;Optie 2;Optie 7","Optie 1;Optie 4","Optie 3;Optie 4","Ja"
"2021/03/12 1:18:23 p.m. CET","42 - 47 jaar","1","80 - 100 %","4","3","","","Alcohol vernevelen","5 - 10 seconden","Optie 1;Optie 2","Optie 1","Optie 1;Optie 3","Ja"
"2021/03/12 1:19:11 p.m. CET","19 - 24 jaar","6","80 - 100 %","5","5","Het leeg was of dat je er hard moet op drukken voor er iets uit komt","Het er niet proper uitziet of dat het gewoon leeg is","Alcohol vernevelen","Langer dan 20 seconden","Optie 1","Optie 1","Optie 1;Optie 4","Ja"
"2021/03/12 1:22:30 p.m. CET","36 - 41 jaar","2","60 - 80 %","4","4","","Je zelf het pompje moet bedienen","Alcoholgel dosering","5 - 10 seconden","Optie 1;Optie 6;Optie 7","Optie 1","Optie 1;Optie 3;Optie 5","Ja"
"2021/03/12 1:23:15 p.m. CET","54 - 59 jaar","6","80 - 100 %","3","5","er geen ontsmettingsmiddel inzat","je er moet op duwen ","Alcoholgel dosering","5 - 10 seconden","Optie 2;Optie 5","Optie 7","Optie 3","Ja"
"2021/03/12 1:31:10 p.m. CET","19 - 24 jaar","3","80 - 100 %","5","4","Deze te weinig/te veel alcohol gel uitdeelde of omdat deze niet goed werkte.","je meerdere keren moet drukken om er voldoende gel uit te krijgen.","Alcoholgel dosering","10 - 15 seconden","Optie 1;Optie 2","Optie 1;Optie 4","Optie 3;Optie 4","Ja"
"2021/03/12 1:47:57 p.m. CET","19 - 24 jaar","3","80 - 100 %","3","5","","","Alcohol vernevelen","Langer dan 20 seconden","Optie 1;Optie 4;Optie 6","Optie 1;Optie 2","Optie 3;Optie 4","Ja"
"2021/03/12 1:57:58 p.m. CET","42 - 47 jaar","2","80 - 100 %","3","5","","De grond errond en de zuil zelf vuil zijn","Alcohol vernevelen","5 - 10 seconden","Optie 1","Optie 1","Optie 3","Ja"
"2021/03/12 2:40:45 p.m. CET","13 - 18 jaar","4","60 - 80 %","3","4","Soms komt er echt veel te veel van die shit uit en dan moeje daar 3 minuten meje pollekes wrijven en kan je geen kloten doen","Daar zo een schaaltje onder is waar de restjes in belanden en da koekt daar dan zo aan","Alcoholgel dosering","15 - 20 seconden","Optie 1;Optie 4;Optie 6","Optie 1","Optie 3;Optie 5","Ja"
"2021/03/12 3:03:38 p.m. CET","19 - 24 jaar","9","80 - 100 %","4","4","Ze leeg zijn of je moet ze met de handen bedienen","Je met de hand moet bedienen ","Alcohol vernevelen","Langer dan 20 seconden","Optie 6","Optie 1;Optie 4","Optie 4","Ja"
"2021/03/12 3:26:13 p.m. CET","54 - 59 jaar","7","80 - 100 %","5","5","Deze leeg was","Je er met je handen moet aan raken","Alcohol vernevelen","5 - 10 seconden","Optie 1;Optie 2;Optie 7","Optie 1;Optie 4","Optie 3","Ja"
"2021/03/12 3:28:26 p.m. CET","66 - 71 jaar","10","20 - 40 %","5","5","","","Alcoholgel dosering","15 - 20 seconden","Optie 5;Optie 6","Optie 1;Optie 7","Optie 3;Optie 4","Ja"
"2021/03/12 3:33:26 p.m. CET","54 - 59 jaar","5","80 - 100 %","5","5","... ze niet naar behoren werkt. Ze spuit te hard in verkeerde richting, soms superdunne twijfelachtige vloeistof . Ik ruik telkens zodat ik weet of er voldoende ontsmettingsalcohol in zit.","Je er met je handen moet aankomen","Alcoholgel dosering","15 - 20 seconden","Optie 6","Optie 1","Optie 4","Ja"
"2021/03/12 3:35:51 p.m. CET","60 - 65 jaar","10","60 - 80 %","4","5","","","Alcohol vernevelen","5 - 10 seconden","Optie 6","Optie 1","Optie 5","Ja"
"2021/03/12 3:48:29 p.m. CET","60 - 65 jaar","3","80 - 100 %","5","5","De helft ernaast spuit","Niet perfect is(vb nat)","Alcoholgel dosering","Langer dan 20 seconden","Optie 2","Optie 1","Optie 4","Ja"
"2021/03/12 3:51:40 p.m. CET","42 - 47 jaar","1","40 - 60 %","4","5","Ze alweer leeg was ","Je er met de handen aan miet komen","Alcohol vernevelen","15 - 20 seconden","Optie 1;Optie 2;Optie 5","Optie 1;Optie 2;Optie 4","Optie 2;Optie 3","Ja"
"2021/03/12 3:52:25 p.m. CET","36 - 41 jaar","10","0 - 20 %","4","2","Leeg was","Niet proper is","Alcohol vernevelen","10 - 15 seconden","Optie 1","","Optie 4","Ja"
"2021/03/12 3:53:19 p.m. CET","60 - 65 jaar","5","80 - 100 %","4","5","","Ze stof bevat","Alcohol vernevelen","10 - 15 seconden","Optie 2;Optie 4","Optie 1;Optie 2;Optie 7","Optie 3","Ja"
"2021/03/12 3:57:47 p.m. CET","48 - 53 jaar","5","60 - 80 %","4","5","er geen vloeistof meer in zat","er van alles rond hangt of als de fles die er moet in zitten niet helemaal past","Alcohol vernevelen","15 - 20 seconden","Optie 1;Optie 6","Optie 1;Optie 2","Optie 1;Optie 3;Optie 4","Ja"
"2021/03/12 4:05:37 p.m. CET","60 - 65 jaar","15","60 - 80 %","4","5","","Als veel mensen ze gebruiken","Alcoholgel dosering","15 - 20 seconden","Optie 1;Optie 2","Optie 1;Optie 2","Optie 1;Optie 4","Ja"
"2021/03/12 4:05:50 p.m. CET","72 - 77 jaar","4","80 - 100 %","5","5","veel ontsmetting gaat verloren op de grond","mensen die aanraken","Alcoholgel dosering","15 - 20 seconden","Optie 1;Optie 2","Optie 1;Optie 4","Optie 2;Optie 3","Ja"
"2021/03/12 4:13:37 p.m. CET","66 - 71 jaar","4","80 - 100 %","5","5","","Er veel tissues opgehoopt liggen.","Alcoholgel dosering","15 - 20 seconden","Optie 1;Optie 4;Optie 5","Optie 1;Optie 2;Optie 4","Optie 1;Optie 3;Optie 4","Ja"
"2021/03/12 4:18:52 p.m. CET","54 - 59 jaar","5","80 - 100 %","5","5","Wanneer je die met de hand via een pompje moet bedienen ipv met voetpedaal of automatisch","Wanneer deze niet  automatisch of met voetpedaal werkt ","Alcoholgel dosering","Langer dan 20 seconden","Optie 1","Optie 1","Optie 3;Optie 4","Ja"
"2021/03/12 4:29:20 p.m. CET","66 - 71 jaar","2","80 - 100 %","5","5","er teveel vloeistof/gel uitkwam 
of als je met je ene hand moet pompen en de andere hand onder de tuit houden","de druk-flacons slordig op een plateau staan en gebruikte papieren rondslingeren","Alcoholgel dosering","10 - 15 seconden","Optie 1;Optie 6","Optie 4","Optie 5","Ja"
"2021/03/12 4:31:49 p.m. CET","66 - 71 jaar","2","80 - 100 %","5","5","Product te plakkerig is","Je ze moet aanraken","Alcohol vernevelen","Langer dan 20 seconden","Optie 1;Optie 2","Optie 1","Optie 3;Optie 4","Ja"
"2021/03/12 4:40:45 p.m. CET","60 - 65 jaar","Hangt er van af of ik thuis of buitens huis ga","60 - 80 %","5","5","","Er rondom gesmost ligt of nat,en als je die toch moet aanraken","Alcohol vernevelen","15 - 20 seconden","Optie 1","Optie 1","Optie 4","Ja"
"2021/03/12 4:50:35 p.m. CET","72 - 77 jaar","4","80 - 100 %","5","5","Te natte dikke gel die niet droogt","Je ze moet aanraken","Alcohol vernevelen","10 - 15 seconden","Optie 2;Optie 5","Optie 1","Optie 3","Ja"
"2021/03/12 4:58:33 p.m. CET","66 - 71 jaar","4","80 - 100 %","5","5","","Vuile onhygi√´nische pompjes of leeg","Alcohol vernevelen","Langer dan 20 seconden","Optie 1","Optie 1","Optie 3","Ja"
"2021/03/12 5:01:41 p.m. CET","25 - 30 jaar","3","80 - 100 %","5","5","Ze niet automatisch was ","Er overal (nat) papier hangt en de ontsmettingspullen rondslingeren","Alcoholgel dosering","Langer dan 20 seconden","Optie 2;Optie 4;Optie 6;Optie 7","Optie 1;Optie 4","Optie 3;Optie 4","Ja"
"2021/03/12 5:08:02 p.m. CET","54 - 59 jaar","1","80 - 100 %","5","5","Omdat die in het rond spuit","Als hij er vies uitziet","Alcoholgel dosering","15 - 20 seconden","Optie 1;Optie 2;Optie 6","Optie 1;Optie 2;Optie 4","Optie 3","Ja"
"2021/03/12 5:10:35 p.m. CET","78 - 83 jaar","3","80 - 100 %","5","4","","Ze is vuil","Alcoholgel dosering","10 - 15 seconden","Optie 1;Optie 7","Optie 1;Optie 4","Optie 2;Optie 5","Ja"
"2021/03/12 5:14:29 p.m. CET","48 - 53 jaar","3","80 - 100 %","3","4","Het een vies boeltje wordt na verloop van tijd, doekjes die wegwaaien en zo","Zie hierboven","Alcohol vernevelen","1 - 5 seconden","Optie 1","Optie 1","Optie 2","Ja"
"2021/03/12 5:16:11 p.m. CET","66 - 71 jaar","4 keer","80 - 100 %","5","5","Er niets uitkwam","het slordig is errond en niet automatisch gebeurt","Alcoholgel dosering","Langer dan 20 seconden","Optie 1","Optie 1","Optie 3","Ja"
"2021/03/12 5:19:46 p.m. CET","60 - 65 jaar","3","80 - 100 %","5","5","","Je het niet kan  bedienen door de voetpedaal in te drukken.","Alcoholgel dosering","10 - 15 seconden","Optie 5","Optie 4","Optie 3;Optie 4","Ja"
"2021/03/12 5:21:28 p.m. CET","54 - 59 jaar","8","0 - 20 %","5","5","","","Alcohol vernevelen","5 - 10 seconden","Optie 5","Optie 1","Optie 1","Ja"
"2021/03/12 5:27:56 p.m. CET","66 - 71 jaar","1","40 - 60 %","2","5","Te nat en te dun","Neen het is positief","Alcoholgel dosering","5 - 10 seconden","Optie 2;Optie 5","Optie 1;Optie 7","Optie 1","Ja"
"2021/03/12 5:40:48 p.m. CET","54 - 59 jaar","10 ","80 - 100 %","5","5","","De drukpomp vuil is !","Alcohol vernevelen","Langer dan 20 seconden","Optie 1","Optie 1","Optie 3","Ja"
"2021/03/12 5:51:14 p.m. CET","66 - 71 jaar","15","80 - 100 %","5","5","","Het middel druppelt, teveel gebruikt papier dat vuil rond de zuil ligt.","Alcoholgel dosering","Langer dan 20 seconden","Optie 1;Optie 5","Optie 1","Optie 3","Ja"
"2021/03/12 5:59:26 p.m. CET","54 - 59 jaar","10","80 - 100 %","4","5","","","Alcoholgel dosering","10 - 15 seconden","Optie 1;Optie 2","Optie 1;Optie 2","Optie 3;Optie 4;Optie 5","Ja"
"2021/03/12 6:04:17 p.m. CET","54 - 59 jaar","5","80 - 100 %","5","5","... ze niet naar behoren werkt. Ze spuit te hard in verkeerde richting, soms superdunne twijfelachtige vloeistof . Ik ruik telkens zodat ik weet of er voldoende ontsmettingsalcohol in zit.","Je er met je handen moet aankomen","Alcoholgel dosering","15 - 20 seconden","Optie 6","Optie 1","Optie 4","Ja"
"2021/03/12 6:05:02 p.m. CET","72 - 77 jaar","4","80 - 100 %","5","5","Te natte dikke gel die niet droogt","Je ze moet aanraken","Alcohol vernevelen","10 - 15 seconden","Optie 2;Optie 5","Optie 1","Optie 3","Ja"
"2021/03/12 6:16:53 p.m. CET","66 - 71 jaar","2x","40 - 60 %","3","5","Vies en vuil","Overal papier rond slingert en alles nat lijkt","Alcohol vernevelen","5 - 10 seconden","Optie 3;Optie 5","Optie 1","Optie 1;Optie 3","Ja"
"2021/03/12 6:44:29 p.m. CET","66 - 71 jaar","6","80 - 100 %","5","5","","","Alcohol vernevelen","Langer dan 20 seconden","Optie 1;Optie 5","Optie 1","Optie 2","Ja"
"2021/03/12 6:56:43 p.m. CET","25 - 30 jaar","3","60 - 80 %","5","5","Er zit nog ontsmetting in de fles, maar de pomp is te kort, waardoor deze niet werkt. ","Deze vol hangt met gel van oude ontsmetting, iedereen aan het zelfde dopje moet kopen. Bijvoorbeeld een spuitbus om een kar te ontsmetten. Iedereen raakt deze aan, en de rol met papier. Waardoor het juist minder hygi√´nisch is dan gewoon u kar aan te raken. Iedereen komt aan de fles, niet iedereen aan je kar.
Voetpedaal is het best","Alcoholgel dosering","Langer dan 20 seconden","Optie 1;Optie 5","Optie 1","Optie 4","Ja"
"2021/03/12 7:05:06 p.m. CET","60 - 65 jaar","3","60 - 80 %","4","4","Deze leeg was","Vol hangt met ontmsettingsgel","Alcohol vernevelen","Langer dan 20 seconden","Optie 1;Optie 2;Optie 5","Optie 1","Optie 3","Nee"
"2021/03/12 7:10:13 p.m. CET","19 - 24 jaar","4","80 - 100 %","3","5","","","Alcohol vernevelen","5 - 10 seconden","Optie 1;Optie 4;Optie 5","Optie 1;Optie 2;Optie 4","Optie 3;Optie 4","Nee"
"2021/03/12 7:12:23 p.m. CET","48 - 53 jaar","1","80 - 100 %","5","5","Niet proper","Het lekt","Alcohol vernevelen","5 - 10 seconden","Optie 1;Optie 2;Optie 7","Optie 1;Optie 7","Optie 2;Optie 5","Ja"
"2021/03/12 7:19:35 p.m. CET","48 - 53 jaar","2","60 - 80 %","5","5","Te vettige gel","Drupt, plas op de grond","Alcohol vernevelen","15 - 20 seconden","Optie 1","Optie 1","Optie 3","Ja"
"2021/03/12 7:26:23 p.m. CET","31 - 36 jaar","50","80 - 100 %","5","5","Als je er met de handen moet aankomen","Idem vorige vraag","Alcoholgel dosering","15 - 20 seconden","Optie 6","Optie 1","Optie 4","Ja"
"2021/03/12 7:27:42 p.m. CET","31 - 36 jaar","50","80 - 100 %","5","5","Als je er met de handen moet aankomen","Idem vorige vraag","Alcoholgel dosering","15 - 20 seconden","Optie 6","Optie 1","Optie 4","Ja"
"2021/03/12 7:34:17 p.m. CET","60 - 65 jaar","1 keer","80 - 100 %","5","5","Geen aanwezig ","Er overvol vuilniszakken bij staan","Alcoholgel dosering","10 - 15 seconden","Optie 1;Optie 4","Optie 1;Optie 2","Optie 5","Ja"
"2021/03/12 7:36:32 p.m. CET","66 - 71 jaar","6x","80 - 100 %","4","5","","Het systeem leeg is of helemaal niet werkt","Alcohol vernevelen","Langer dan 20 seconden","Optie 1;Optie 4","Optie 1;Optie 2","Optie 2;Optie 5","Nee"
"2021/03/12 7:36:42 p.m. CET","66 - 71 jaar","6x","80 - 100 %","4","5","","Het systeem leeg is of helemaal niet werkt","Alcohol vernevelen","Langer dan 20 seconden","Optie 1;Optie 4","Optie 1;Optie 2","Optie 2;Optie 5","Nee"
"2021/03/12 9:33:50 p.m. CET","60 - 65 jaar","4","80 - 100 %","4","5","","Ja en neen! Ja, indien het een spuitfles is, neen indien het een zuil is waarbij je met je voet duwt en je handen onder de spuit houdt of handen onder de spuit houden en automatisch spuit het met ontsmetting.","Alcoholgel dosering","10 - 15 seconden","Optie 1;Optie 3","Optie 1;Optie 2;Optie 4","Optie 3","Ja"
"2021/03/12 10:20:37 p.m. CET","13 - 18 jaar","10","60 - 80 %","4","5","Het te hard spuit","Verschillende dicht bij elkaar staan","Alcohol vernevelen","1 - 5 seconden","Optie 1","Optie 1","Optie 2;Optie 5","Ja"
"2021/03/13 10:10:33 a.m. CET","36 - 41 jaar","6","0 - 20 %","1","5","Een heel plakkerige gel was en waarvan de dosering gigantisch was en er nog eens slecht bij rook","Er veel gel achterblijft ","Alcohol vernevelen","1 - 5 seconden","Optie 1;Optie 2","Optie 1;Optie 2","Optie 3;Optie 4","Ja"
"2021/03/13 11:46:26 a.m. CET","60 - 65 jaar","3","80 - 100 %","5","5","Vuil errond. Plakachtig spul","Plan product","Alcohol vernevelen","15 - 20 seconden","Optie 1;Optie 6","","Optie 1;Optie 4","Ja"
"2021/03/13 1:17:25 p.m. CET","36 - 41 jaar","1","80 - 100 %","5","5","Ze leeg was, ze alle kanten op spuit of een te hoge dosis aanbood","De doseertuit verstopt zit met verdroogde resten","Alcohol vernevelen","Langer dan 20 seconden","Optie 1;Optie 2","Optie 1","Optie 1;Optie 4","Ja"
"2021/03/13 1:23:41 p.m. CET","66 - 71 jaar","5","80 - 100 %","5","4","Ze leeg is","","Alcohol vernevelen","15 - 20 seconden","Optie 5","Optie 1;Optie 4","Optie 2;Optie 5","Nee"
"2021/03/13 1:32:30 p.m. CET","66 - 71 jaar","2","80 - 100 %","5","5","De geur van de ontsmettigsgel was onaangenaam. ","","Alcoholgel dosering","10 - 15 seconden","Optie 1","Optie 1","Optie 5","Ja"
"2021/03/13 1:35:17 p.m. CET","60 - 65 jaar","3","40 - 60 %","4","4","","","Alcoholgel dosering","10 - 15 seconden","Optie 1;Optie 2;Optie 7","Optie 1;Optie 2","Optie 1;Optie 4","Ja"
"2021/03/13 1:52:27 p.m. CET","13 - 18 jaar","10","40 - 60 %","3","3","","","Alcohol vernevelen","Langer dan 20 seconden","Optie 1","Optie 1","Optie 1;Optie 5","Ja"
"2021/03/13 2:50:12 p.m. CET","13 - 18 jaar","0","80 - 100 %","5","5","","","Alcoholgel dosering","15 - 20 seconden","Optie 1","Optie 1","Optie 1;Optie 3;Optie 4","Ja"
"2021/03/13 3:14:33 p.m. CET","25 - 30 jaar","5","20 - 40 %","4","4","Deze leeg was","Je ze met handen moet bedienen","Alcohol vernevelen","15 - 20 seconden","Optie 1","Optie 1","Optie 4","Nee"
"2021/03/13 3:55:21 p.m. CET","42 - 47 jaar","5","60 - 80 %","5","5","Er plakkerig ontsmettingsmiddel in zit","Je er eerst op moet drukken","Alcohol vernevelen","1 - 5 seconden","Optie 1","Optie 1","Optie 3","Ja"
"2021/03/13 4:49:59 p.m. CET","13 - 18 jaar","Op een weekdag is da meestal twee ofzo en als ik school heb een zes a zeven keer. In het weekend meestal nul","20 - 40 %","4","5","Omdat er veel te veel uitkomt, omdat de sensor niet werkt, omdat de ontsmetting plakkerig is, omdat je hem moet aanraken, omdat er een rij staat, omdat ie in alle richtingen spuit","hij vuil is of soms ook als je hem moet aanraken ik bedoel wa is het punt dan","Alcoholgel dosering","10 - 15 seconden","Optie 7","Optie 1;Optie 2;Optie 4","Optie 3","Ja"
"2021/03/13 4:50:37 p.m. CET","13 - 18 jaar","3","80 - 100 %","3","5","het soms wat lang duurt voor het middel er uit komt of omdat je soms zelf moet pompen en het ontsmettingsmiddel daarbij soms er gewoon uit spuit en op mijn kleren komt","Die vuil is","Alcoholgel dosering","5 - 10 seconden","Optie 1","Optie 1","Optie 3","Ja"
"2021/03/13 5:34:24 p.m. CET","13 - 18 jaar","4","80 - 100 %","5","5","","","Alcohol vernevelen","5 - 10 seconden","Optie 4","Optie 1","Optie 2","Ja"
"2021/03/13 6:17:07 p.m. CET","60 - 65 jaar","3","80 - 100 %","3","5","Te dikke en te plakkerige gel ","Ze leeg is!! ","Alcohol vernevelen","Langer dan 20 seconden","Optie 1;Optie 2;Optie 4","Optie 1;Optie 4","Optie 3;Optie 4","Ja"
"2021/03/13 8:25:02 p.m. CET","13 - 18 jaar","8","60 - 80 %","3","4","ze plakkerig zijn","","Alcohol vernevelen","15 - 20 seconden","Optie 1;Optie 5","Optie 1","Optie 2;Optie 4","Ja"
"2021/03/13 9:51:36 p.m. CET","48 - 53 jaar","5","40 - 60 %","5","5","Sensor niet goed reageert, of als deze te ver sproeit.....of als je er teveel met je handen moet aankomen om deze te gebruiken, of als de gel te plakkerig blijft op je handen","Bepoteld isüôÇ of als er brokken gel aan de teut hangen","Alcohol vernevelen","Langer dan 20 seconden","Optie 1","Optie 1","Optie 1;Optie 3","Ja"
"2021/03/13 10:52:03 p.m. CET","72 - 77 jaar","Drie","60 - 80 %","4","4","Leeg was","Als het saai is en het vuil is","Alcohol vernevelen","1 - 5 seconden","Optie 1;Optie 4","Optie 1;Optie 4","Optie 2;Optie 5","Nee"
"2021/03/14 10:47:43 a.m. CET","60 - 65 jaar","2","80 - 100 %","4","5","ze leeg was ","de omgeving niet netjes is ","Alcoholgel dosering","Langer dan 20 seconden","Optie 1","Optie 1","Optie 3","Ja"
"2021/03/14 11:28:14 a.m. CET","66 - 71 jaar","3 keer","80 - 100 %","4","5","Ze niet opgevuld zijn","Ze niet elke dag gepoets is. ","Alcoholgel dosering","5 - 10 seconden","Optie 1","Optie 1","Optie 3","Nee"
"2021/03/15 4:42:03 p.m. CET","48 - 53 jaar","5","80 - 100 %","5","5","","Neen ","Alcohol vernevelen","5 - 10 seconden","Optie 6","Optie 1","Optie 3;Optie 5","Ja"
"2021/03/15 6:57:23 p.m. CET","72 - 77 jaar","6","80 - 100 %","5","5","Een vuile zuil","Indien die niet verzorgd is","Alcohol vernevelen","5 - 10 seconden","Optie 1","Optie 1","Optie 2","Ja"
"2021/03/15 7:34:47 p.m. CET","48 - 53 jaar","2","80 - 100 %","2","5","Als er veel te veel gel uitkomt","Ze vuil is","Alcohol vernevelen","1 - 5 seconden","Optie 1;Optie 2","Optie 1;Optie 2","Optie 2;Optie 5","Ja"
"2021/03/16 12:20:28 p.m. CET","42 - 47 jaar","1","40 - 60 %","4","5","Ze alweer leeg was ","Je er met de handen aan miet komen","Alcohol vernevelen","15 - 20 seconden","Optie 1;Optie 2;Optie 5","Optie 1;Optie 2;Optie 4","Optie 2;Optie 3","Ja"
"2021/03/16 7:05:14 p.m. CET","13 - 18 jaar","10","40 - 60 %","4","4","Ze traag zijn of niet werken. ","Als het er vuil bij ligt ","Alcohol vernevelen","10 - 15 seconden","Optie 1","Optie 1","Optie 1;Optie 4","Nee"
"2021/03/16 7:08:20 p.m. CET","60 - 65 jaar","5","80 - 100 %","3","5","Lang moesten wachten op de druppel ontsmetting","Vuil is","Alcoholgel dosering","Langer dan 20 seconden","Optie 1;Optie 2;Optie 6","Optie 1;Optie 2","Optie 3;Optie 4","Ja"
"2021/03/16 8:39:34 p.m. CET","66 - 71 jaar","7","40 - 60 %","5","4","Ik erger mij ¬¥ietske ","Beetje irritant","Alcoholgel dosering","10 - 15 seconden","Optie 3;Optie 4","Optie 1;Optie 4","Optie 4","Ja"
"2021/03/16 9:18:46 p.m. CET","36 - 41 jaar","2","80 - 100 %","3","2","","Nee want iedereen moet deee meestal met de voet gebruiken ","Alcoholgel dosering","Langer dan 20 seconden","Optie 5;Optie 6;Optie 7","Optie 1;Optie 2","Optie 3;Optie 5","Ja"
"2021/03/16 10:34:22 p.m. CET","60 - 65 jaar","5","40 - 60 %","5","5","","Je op het pompje moet duwen","Alcohol vernevelen","15 - 20 seconden","Optie 1;Optie 4;Optie 7","Optie 1;Optie 4","Optie 3;Optie 4","Ja"
"2021/03/17 10:15:44 a.m. CET","13 - 18 jaar","10","40 - 60 %","4","4","Ze traag zijn of niet werken. ","Als het er vuil bij ligt ","Alcohol vernevelen","10 - 15 seconden","Optie 1","Optie 1","Optie 1;Optie 4","Nee"